frame_idx,pred_miss_rate,true_miss_rate,intersection
0,0.573614,0.341751,Bellevue_Bellevue_NE8th
1,0.527974,0.492583,Bellevue_Bellevue_NE8th
2,0.559955,0.445308,Bellevue_Bellevue_NE8th
3,0.594026,0.418294,Bellevue_Bellevue_NE8th
4,0.577878,0.492229,Bellevue_Bellevue_NE8th
5,0.56821,0.528991,Bellevue_Bellevue_NE8th
6,0.554212,0.507266,Bellevue_Bellevue_NE8th
7,0.574302,0.491223,Bellevue_Bellevue_NE8th
8,0.533378,0.484775,Bellevue_Bellevue_NE8th
9,0.557616,0.451296,Bellevue_Bellevue_NE8th
10,0.61272,0.439268,Bellevue_Bellevue_NE8th
11,0.607329,0.408295,Bellevue_Bellevue_NE8th
12,0.554857,0.473033,Bellevue_Bellevue_NE8th
13,0.589096,0.489525,Bellevue_Bellevue_NE8th
14,0.571249,0.450112,Bellevue_Bellevue_NE8th
15,0.561006,0.347797,Bellevue_Bellevue_NE8th
16,0.578491,0.395726,Bellevue_Bellevue_NE8th
17,0.616464,0.416845,Bellevue_Bellevue_NE8th
18,0.561232,0.460338,Bellevue_Bellevue_NE8th
19,0.566138,0.551953,Bellevue_Bellevue_NE8th
20,0.57608,0.457819,Bellevue_Bellevue_NE8th
21,0.564366,0.619808,Bellevue_Bellevue_NE8th
22,0.593145,0.570886,Bellevue_Bellevue_NE8th
23,0.664154,0.649498,Bellevue_Bellevue_NE8th
24,0.538644,0.683702,Bellevue_Bellevue_NE8th
25,0.545019,0.598505,Bellevue_Bellevue_NE8th
26,0.568548,0.45711,Bellevue_Bellevue_NE8th
27,0.573375,0.41273,Bellevue_Bellevue_NE8th
28,0.57311,0.404792,Bellevue_Bellevue_NE8th
29,0.572158,0.349107,Bellevue_Bellevue_NE8th
30,0.55616,0.52717,Bellevue_Bellevue_NE8th
31,0.537167,0.600472,Bellevue_Bellevue_NE8th
32,0.563986,0.570982,Bellevue_Bellevue_NE8th
33,0.604496,0.363533,Bellevue_Bellevue_NE8th
34,0.592705,0.391785,Bellevue_Bellevue_NE8th
35,0.565316,0.592223,Bellevue_Bellevue_NE8th
36,0.587278,0.575319,Bellevue_Bellevue_NE8th
37,0.571351,0.51442,Bellevue_Bellevue_NE8th
38,0.54034,0.452304,Bellevue_Bellevue_NE8th
39,0.573605,0.497953,Bellevue_Bellevue_NE8th
40,0.543652,0.575679,Bellevue_Bellevue_NE8th
41,0.569139,0.594146,Bellevue_Bellevue_NE8th
42,0.475972,0.37746,Bellevue_Bellevue_NE8th
43,0.49536,0.266918,Bellevue_Bellevue_NE8th
44,0.473595,0.456506,Bellevue_Bellevue_NE8th
45,0.495344,0.625737,Bellevue_Bellevue_NE8th
46,0.559055,0.628898,Bellevue_Bellevue_NE8th
47,0.52284,0.673008,Bellevue_Bellevue_NE8th
48,0.516199,0.606769,Bellevue_Bellevue_NE8th
49,0.520294,0.512362,Bellevue_Bellevue_NE8th
50,0.519671,0.51336,Bellevue_Bellevue_NE8th
51,0.520446,0.499528,Bellevue_Bellevue_NE8th
52,0.543433,0.488768,Bellevue_Bellevue_NE8th
53,0.548585,0.434165,Bellevue_Bellevue_NE8th
54,0.505166,0.433307,Bellevue_Bellevue_NE8th
55,0.524696,0.50266,Bellevue_Bellevue_NE8th
56,0.520393,0.568598,Bellevue_Bellevue_NE8th
57,0.536209,0.580685,Bellevue_Bellevue_NE8th
58,0.531743,0.411931,Bellevue_Bellevue_NE8th
59,0.544869,0.478431,Bellevue_Bellevue_NE8th
60,0.511222,0.562832,Bellevue_Bellevue_NE8th
61,0.578605,0.490323,Bellevue_Bellevue_NE8th
62,0.570736,0.576976,Bellevue_Bellevue_NE8th
63,0.522528,0.40287,Bellevue_Bellevue_NE8th
64,0.530354,0.496933,Bellevue_Bellevue_NE8th
65,0.507221,0.539895,Bellevue_Bellevue_NE8th
66,0.522974,0.522634,Bellevue_Bellevue_NE8th
67,0.556696,0.598086,Bellevue_Bellevue_NE8th
68,0.571124,0.658256,Bellevue_Bellevue_NE8th
69,0.574025,0.698345,Bellevue_Bellevue_NE8th
70,0.558191,0.56738,Bellevue_Bellevue_NE8th
71,0.537358,0.497717,Bellevue_Bellevue_NE8th
72,0.559562,0.512801,Bellevue_Bellevue_NE8th
73,0.521545,0.669572,Bellevue_Bellevue_NE8th
74,0.535744,0.674075,Bellevue_Bellevue_NE8th
75,0.576636,0.675174,Bellevue_Bellevue_NE8th
76,0.569524,0.68059,Bellevue_Bellevue_NE8th
77,0.590402,0.637537,Bellevue_Bellevue_NE8th
78,0.550478,0.550061,Bellevue_Bellevue_NE8th
79,0.540022,0.579384,Bellevue_Bellevue_NE8th
80,0.506794,0.641002,Bellevue_Bellevue_NE8th
81,0.525231,0.515369,Bellevue_Bellevue_NE8th
82,0.564853,0.597113,Bellevue_Bellevue_NE8th
83,0.556251,0.636235,Bellevue_Bellevue_NE8th
84,0.545914,0.785458,Bellevue_Bellevue_NE8th
85,0.51363,0.682199,Bellevue_Bellevue_NE8th
86,0.562759,0.658062,Bellevue_Bellevue_NE8th
87,0.501582,0.526241,Bellevue_Bellevue_NE8th
88,0.504955,0.516595,Bellevue_Bellevue_NE8th
89,0.513429,0.636729,Bellevue_Bellevue_NE8th
90,0.547293,0.718761,Bellevue_Bellevue_NE8th
91,0.543546,0.745625,Bellevue_Bellevue_NE8th
92,0.528367,0.707257,Bellevue_Bellevue_NE8th
93,0.538512,0.662295,Bellevue_Bellevue_NE8th
94,0.554459,0.718611,Bellevue_Bellevue_NE8th
95,0.527744,0.647026,Bellevue_Bellevue_NE8th
96,0.528478,0.527638,Bellevue_Bellevue_NE8th
97,0.55325,0.43899,Bellevue_Bellevue_NE8th
98,0.550712,0.476437,Bellevue_Bellevue_NE8th
99,0.551614,0.573553,Bellevue_Bellevue_NE8th
100,0.559385,0.468368,Bellevue_Bellevue_NE8th
101,0.547509,0.4767,Bellevue_Bellevue_NE8th
102,0.529785,0.734999,Bellevue_Bellevue_NE8th
103,0.498388,0.69232,Bellevue_Bellevue_NE8th
104,0.53342,0.645573,Bellevue_Bellevue_NE8th
105,0.536854,0.448537,Bellevue_Bellevue_NE8th
106,0.516817,0.585682,Bellevue_Bellevue_NE8th
107,0.506451,0.584454,Bellevue_Bellevue_NE8th
108,0.533601,0.736063,Bellevue_Bellevue_NE8th
109,0.516409,0.554819,Bellevue_Bellevue_NE8th
110,0.510434,0.596432,Bellevue_Bellevue_NE8th
111,0.533939,0.587947,Bellevue_Bellevue_NE8th
112,0.543862,0.479349,Bellevue_Bellevue_NE8th
113,0.56306,0.325098,Bellevue_Bellevue_NE8th
114,0.514062,0.470743,Bellevue_Bellevue_NE8th
115,0.521282,0.612365,Bellevue_Bellevue_NE8th
116,0.50052,0.696455,Bellevue_Bellevue_NE8th
117,0.51533,0.684659,Bellevue_Bellevue_NE8th
118,0.540875,0.732034,Bellevue_Bellevue_NE8th
119,0.5639,0.619537,Bellevue_Bellevue_NE8th
120,0.560774,0.556941,Bellevue_Bellevue_NE8th
121,0.521461,0.558302,Bellevue_Bellevue_NE8th
122,0.514244,0.611721,Bellevue_Bellevue_NE8th
123,0.545159,0.688604,Bellevue_Bellevue_NE8th
124,0.537569,0.631894,Bellevue_Bellevue_NE8th
125,0.555788,0.548922,Bellevue_Bellevue_NE8th
126,0.542307,0.591346,Bellevue_Bellevue_NE8th
127,0.566813,0.434001,Bellevue_Bellevue_NE8th
128,0.57401,0.397962,Bellevue_Bellevue_NE8th
129,0.56435,0.538469,Bellevue_Bellevue_NE8th
130,0.541856,0.661876,Bellevue_Bellevue_NE8th
131,0.516169,0.561537,Bellevue_Bellevue_NE8th
132,0.505643,0.554943,Bellevue_Bellevue_NE8th
133,0.50479,0.624212,Bellevue_Bellevue_NE8th
134,0.542813,0.68551,Bellevue_Bellevue_NE8th
135,0.582321,0.670016,Bellevue_Bellevue_NE8th
136,0.584786,0.846606,Bellevue_Bellevue_NE8th
137,0.537724,0.717041,Bellevue_Bellevue_NE8th
138,0.557764,0.617708,Bellevue_Bellevue_NE8th
139,0.534808,0.709898,Bellevue_Bellevue_NE8th
140,0.521637,0.66088,Bellevue_Bellevue_NE8th
141,0.540575,0.647454,Bellevue_Bellevue_NE8th
142,0.55705,0.645692,Bellevue_Bellevue_NE8th
143,0.580473,0.739948,Bellevue_Bellevue_NE8th
144,0.526234,0.530235,Bellevue_Bellevue_NE8th
145,0.56176,0.586338,Bellevue_Bellevue_NE8th
146,0.513874,0.692935,Bellevue_Bellevue_NE8th
147,0.533198,0.612695,Bellevue_Bellevue_NE8th
148,0.536574,0.586,Bellevue_Bellevue_NE8th
149,0.543009,0.577367,Bellevue_Bellevue_NE8th
150,0.576638,0.677233,Bellevue_Bellevue_NE8th
151,0.586759,0.535866,Bellevue_Bellevue_NE8th
152,0.554746,0.608036,Bellevue_Bellevue_NE8th
153,0.552188,0.551289,Bellevue_Bellevue_NE8th
154,0.564174,0.619639,Bellevue_Bellevue_NE8th
155,0.54231,0.563508,Bellevue_Bellevue_NE8th
156,0.504563,0.522215,Bellevue_Bellevue_NE8th
157,0.52806,0.510926,Bellevue_Bellevue_NE8th
158,0.527922,0.490713,Bellevue_Bellevue_NE8th
159,0.539895,0.437143,Bellevue_Bellevue_NE8th
160,0.527158,0.417459,Bellevue_Bellevue_NE8th
161,0.514399,0.556502,Bellevue_Bellevue_NE8th
162,0.559645,0.452199,Bellevue_Bellevue_NE8th
163,0.521081,0.464421,Bellevue_Bellevue_NE8th
164,0.527011,0.525874,Bellevue_Bellevue_NE8th
165,0.543623,0.543644,Bellevue_Bellevue_NE8th
166,0.568271,0.395721,Bellevue_Bellevue_NE8th
167,0.553765,0.263989,Bellevue_Bellevue_NE8th
168,0.550562,0.41216,Bellevue_Bellevue_NE8th
169,0.536066,0.495191,Bellevue_Bellevue_NE8th
170,0.530701,0.427166,Bellevue_Bellevue_NE8th
171,0.523249,0.588188,Bellevue_Bellevue_NE8th
172,0.560613,0.557563,Bellevue_Bellevue_NE8th
173,0.515171,0.554935,Bellevue_Bellevue_NE8th
174,0.526943,0.4403,Bellevue_Bellevue_NE8th
175,0.577499,0.502867,Bellevue_Bellevue_NE8th
176,0.57507,0.526244,Bellevue_Bellevue_NE8th
177,0.558348,0.553057,Bellevue_Bellevue_NE8th
178,0.536747,0.603982,Bellevue_Bellevue_NE8th
179,0.57371,0.570658,Bellevue_Bellevue_NE8th
180,0.591723,0.704167,Bellevue_Bellevue_NE8th
181,0.575312,0.727712,Bellevue_Bellevue_NE8th
182,0.552094,0.585272,Bellevue_Bellevue_NE8th
183,0.564534,0.481427,Bellevue_Bellevue_NE8th
184,0.497412,0.465841,Bellevue_Bellevue_NE8th
185,0.527618,0.400684,Bellevue_Bellevue_NE8th
186,0.490894,0.546332,Bellevue_Bellevue_NE8th
187,0.558104,0.805235,Bellevue_Bellevue_NE8th
188,0.541858,0.588606,Bellevue_Bellevue_NE8th
189,0.548825,0.552446,Bellevue_Bellevue_NE8th
190,0.47928,0.662578,Bellevue_Bellevue_NE8th
191,0.476672,0.66466,Bellevue_Bellevue_NE8th
192,0.530985,0.712444,Bellevue_Bellevue_NE8th
193,0.525981,0.740868,Bellevue_Bellevue_NE8th
194,0.578545,0.584757,Bellevue_Bellevue_NE8th
195,0.567391,0.469178,Bellevue_Bellevue_NE8th
196,0.53433,0.465272,Bellevue_Bellevue_NE8th
197,0.503304,0.665852,Bellevue_Bellevue_NE8th
198,0.511913,0.755606,Bellevue_Bellevue_NE8th
199,0.503131,0.731071,Bellevue_Bellevue_NE8th
200,0.531321,0.744157,Bellevue_Bellevue_NE8th
201,0.524202,0.683033,Bellevue_Bellevue_NE8th
202,0.553896,0.648759,Bellevue_Bellevue_NE8th
203,0.571475,0.640925,Bellevue_Bellevue_NE8th
204,0.546618,0.576574,Bellevue_Bellevue_NE8th
205,0.509087,0.472544,Bellevue_Bellevue_NE8th
206,0.510245,0.526293,Bellevue_Bellevue_NE8th
207,0.515429,0.507973,Bellevue_Bellevue_NE8th
208,0.560163,0.582801,Bellevue_Bellevue_NE8th
209,0.577736,0.597621,Bellevue_Bellevue_NE8th
210,0.55154,0.583923,Bellevue_Bellevue_NE8th
211,0.580114,0.651629,Bellevue_Bellevue_NE8th
212,0.529138,0.670645,Bellevue_Bellevue_NE8th
213,0.501118,0.611974,Bellevue_Bellevue_NE8th
214,0.556882,0.61695,Bellevue_Bellevue_NE8th
215,0.537297,0.637384,Bellevue_Bellevue_NE8th
216,0.56387,0.615586,Bellevue_Bellevue_NE8th
217,0.555016,0.524443,Bellevue_Bellevue_NE8th
218,0.584835,0.563336,Bellevue_Bellevue_NE8th
219,0.499477,0.661345,Bellevue_Bellevue_NE8th
220,0.497267,0.590581,Bellevue_Bellevue_NE8th
221,0.515192,0.644541,Bellevue_Bellevue_NE8th
222,0.555474,0.711565,Bellevue_Bellevue_NE8th
223,0.57286,0.531021,Bellevue_Bellevue_NE8th
224,0.625775,0.638305,Bellevue_Bellevue_NE8th
225,0.568964,0.677575,Bellevue_Bellevue_NE8th
226,0.558536,0.713828,Bellevue_Bellevue_NE8th
227,0.538465,0.75996,Bellevue_Bellevue_NE8th
228,0.512397,0.767822,Bellevue_Bellevue_NE8th
229,0.524909,0.774073,Bellevue_Bellevue_NE8th
230,0.589166,0.694405,Bellevue_Bellevue_NE8th
231,0.597738,0.616277,Bellevue_Bellevue_NE8th
232,0.604319,0.616138,Bellevue_Bellevue_NE8th
233,0.548299,0.56513,Bellevue_Bellevue_NE8th
234,0.591215,0.534578,Bellevue_Bellevue_NE8th
235,0.584078,0.403502,Bellevue_Bellevue_NE8th
236,0.53931,0.412895,Bellevue_Bellevue_NE8th
237,0.520119,0.507024,Bellevue_Bellevue_NE8th
238,0.554773,0.457153,Bellevue_Bellevue_NE8th
239,0.580277,0.546601,Bellevue_Bellevue_NE8th
240,0.533468,0.463036,Bellevue_Bellevue_NE8th
241,0.541493,0.548069,Bellevue_Bellevue_NE8th
242,0.521151,0.481374,Bellevue_Bellevue_NE8th
243,0.550778,0.443151,Bellevue_Bellevue_NE8th
244,0.500268,0.517504,Bellevue_Bellevue_NE8th
245,0.530496,0.579737,Bellevue_Bellevue_NE8th
246,0.568573,0.488576,Bellevue_Bellevue_NE8th
247,0.602366,0.489757,Bellevue_Bellevue_NE8th
248,0.56417,0.531178,Bellevue_Bellevue_NE8th
249,0.519423,0.623334,Bellevue_Bellevue_NE8th
250,0.560987,0.559344,Bellevue_Bellevue_NE8th
251,0.529798,0.541212,Bellevue_Bellevue_NE8th
252,0.54199,0.518542,Bellevue_Bellevue_NE8th
253,0.583444,0.690179,Bellevue_Bellevue_NE8th
254,0.591955,0.742807,Bellevue_Bellevue_NE8th
255,0.575705,0.713764,Bellevue_Bellevue_NE8th
256,0.549468,0.584554,Bellevue_Bellevue_NE8th
257,0.563776,0.633628,Bellevue_Bellevue_NE8th
258,0.559776,0.578875,Bellevue_Bellevue_NE8th
259,0.497789,0.47392,Bellevue_Bellevue_NE8th
260,0.548522,0.582805,Bellevue_Bellevue_NE8th
261,0.567108,0.630364,Bellevue_Bellevue_NE8th
262,0.575595,0.712579,Bellevue_Bellevue_NE8th
263,0.546694,0.611215,Bellevue_Bellevue_NE8th
264,0.540141,0.560392,Bellevue_Bellevue_NE8th
265,0.550556,0.759586,Bellevue_Bellevue_NE8th
266,0.537299,0.777104,Bellevue_Bellevue_NE8th
267,0.551506,0.704662,Bellevue_Bellevue_NE8th
268,0.539577,0.694048,Bellevue_Bellevue_NE8th
269,0.588704,0.535928,Bellevue_Bellevue_NE8th
270,0.595858,0.539732,Bellevue_Bellevue_NE8th
271,0.534973,0.616287,Bellevue_Bellevue_NE8th
272,0.572451,0.59862,Bellevue_Bellevue_NE8th
273,0.560217,0.413865,Bellevue_Bellevue_NE8th
274,0.607499,0.393596,Bellevue_Bellevue_NE8th
275,0.597732,0.454738,Bellevue_Bellevue_NE8th
276,0.54426,0.466225,Bellevue_Bellevue_NE8th
277,0.56422,0.483982,Bellevue_Bellevue_NE8th
278,0.545467,0.421759,Bellevue_Bellevue_NE8th
279,0.557885,0.513475,Bellevue_Bellevue_NE8th
280,0.548687,0.529205,Bellevue_Bellevue_NE8th
281,0.573654,0.522156,Bellevue_Bellevue_NE8th
282,0.572486,0.646992,Bellevue_Bellevue_NE8th
283,0.561067,0.566932,Bellevue_Bellevue_NE8th
284,0.555655,0.500103,Bellevue_Bellevue_NE8th
285,0.574373,0.500892,Bellevue_Bellevue_NE8th
286,0.576854,0.442594,Bellevue_Bellevue_NE8th
287,0.5265,0.368187,Bellevue_Bellevue_NE8th
288,0.57677,0.427175,Bellevue_Bellevue_NE8th
289,0.591307,0.533285,Bellevue_Bellevue_NE8th
290,0.54786,0.592629,Bellevue_Bellevue_NE8th
291,0.560526,0.555975,Bellevue_Bellevue_NE8th
292,0.573817,0.526895,Bellevue_Bellevue_NE8th
293,0.513992,0.551295,Bellevue_Bellevue_NE8th
294,0.553837,0.571876,Bellevue_Bellevue_NE8th
295,0.534518,0.565552,Bellevue_Bellevue_NE8th
296,0.608125,0.554673,Bellevue_Bellevue_NE8th
297,0.618401,0.426628,Bellevue_Bellevue_NE8th
298,0.598419,0.468498,Bellevue_Bellevue_NE8th
299,0.563612,0.454115,Bellevue_Bellevue_NE8th
300,0.587937,0.442024,Bellevue_Bellevue_NE8th
301,0.531919,0.374616,Bellevue_Bellevue_NE8th
302,0.548378,0.35339,Bellevue_Bellevue_NE8th
303,0.54827,0.40451,Bellevue_Bellevue_NE8th
304,0.572905,0.213139,Bellevue_Bellevue_NE8th
305,0.56345,0.356217,Bellevue_Bellevue_NE8th
306,0.521736,0.41174,Bellevue_Bellevue_NE8th
307,0.538477,0.561288,Bellevue_Bellevue_NE8th
308,0.551988,0.605404,Bellevue_Bellevue_NE8th
309,0.557138,0.651164,Bellevue_Bellevue_NE8th
310,0.531836,0.646045,Bellevue_Bellevue_NE8th
311,0.556203,0.398437,Bellevue_Bellevue_NE8th
312,0.600624,0.532866,Bellevue_Bellevue_NE8th
313,0.514318,0.533915,Bellevue_Bellevue_NE8th
314,0.52812,0.522915,Bellevue_Bellevue_NE8th
315,0.57148,0.623263,Bellevue_Bellevue_NE8th
316,0.534559,0.528939,Bellevue_Bellevue_NE8th
317,0.511564,0.512775,Bellevue_Bellevue_NE8th
318,0.507034,0.567119,Bellevue_Bellevue_NE8th
319,0.562559,0.616863,Bellevue_Bellevue_NE8th
320,0.587018,0.3957,Bellevue_Bellevue_NE8th
321,0.614903,0.573666,Bellevue_Bellevue_NE8th
322,0.532208,0.589061,Bellevue_Bellevue_NE8th
323,0.571506,0.662248,Bellevue_Bellevue_NE8th
324,0.551782,0.738262,Bellevue_Bellevue_NE8th
325,0.516453,0.563782,Bellevue_Bellevue_NE8th
326,0.528784,0.557127,Bellevue_Bellevue_NE8th
327,0.546852,0.557923,Bellevue_Bellevue_NE8th
328,0.582603,0.518176,Bellevue_Bellevue_NE8th
329,0.616963,0.477316,Bellevue_Bellevue_NE8th
330,0.576746,0.416524,Bellevue_Bellevue_NE8th
331,0.557487,0.325246,Bellevue_Bellevue_NE8th
332,0.516104,0.235728,Bellevue_Bellevue_NE8th
333,0.485039,0.371549,Bellevue_Bellevue_NE8th
334,0.525823,0.55867,Bellevue_Bellevue_NE8th
335,0.558762,0.654235,Bellevue_Bellevue_NE8th
336,0.568166,0.517738,Bellevue_Bellevue_NE8th
337,0.64399,0.516845,Bellevue_Bellevue_NE8th
338,0.569976,0.55715,Bellevue_Bellevue_NE8th
339,0.522191,0.477091,Bellevue_Bellevue_NE8th
340,0.519899,0.52932,Bellevue_Bellevue_NE8th
341,0.507585,0.566759,Bellevue_Bellevue_NE8th
342,0.570854,0.447938,Bellevue_Bellevue_NE8th
343,0.55427,0.485179,Bellevue_Bellevue_NE8th
344,0.571497,0.580284,Bellevue_Bellevue_NE8th
345,0.605716,0.574484,Bellevue_Bellevue_NE8th
346,0.594982,0.526908,Bellevue_Bellevue_NE8th
347,0.608441,0.620317,Bellevue_Bellevue_NE8th
348,0.576497,0.613085,Bellevue_Bellevue_NE8th
349,0.496283,0.583568,Bellevue_Bellevue_NE8th
350,0.603497,0.577802,Bellevue_Bellevue_NE8th
351,0.573101,0.55084,Bellevue_Bellevue_NE8th
352,0.531157,0.692238,Bellevue_Bellevue_NE8th
353,0.531407,0.54902,Bellevue_Bellevue_NE8th
354,0.554939,0.584581,Bellevue_Bellevue_NE8th
355,0.575995,0.630414,Bellevue_Bellevue_NE8th
356,0.581697,0.570256,Bellevue_Bellevue_NE8th
357,0.58534,0.567979,Bellevue_Bellevue_NE8th
358,0.59944,0.595964,Bellevue_Bellevue_NE8th
359,0.54096,0.612218,Bellevue_Bellevue_NE8th
360,0.567642,0.542867,Bellevue_Bellevue_NE8th
361,0.568903,0.552929,Bellevue_Bellevue_NE8th
362,0.547556,0.606299,Bellevue_Bellevue_NE8th
363,0.510925,0.629362,Bellevue_Bellevue_NE8th
364,0.530028,0.560244,Bellevue_Bellevue_NE8th
365,0.575843,0.545073,Bellevue_Bellevue_NE8th
366,0.540363,0.540029,Bellevue_Bellevue_NE8th
367,0.579681,0.490214,Bellevue_Bellevue_NE8th
368,0.589942,0.467815,Bellevue_Bellevue_NE8th
369,0.593617,0.464123,Bellevue_Bellevue_NE8th
370,0.578618,0.635149,Bellevue_Bellevue_NE8th
371,0.598712,0.677279,Bellevue_Bellevue_NE8th
372,0.560839,0.608729,Bellevue_Bellevue_NE8th
373,0.523749,0.581075,Bellevue_Bellevue_NE8th
374,0.579414,0.586177,Bellevue_Bellevue_NE8th
375,0.575846,0.537896,Bellevue_Bellevue_NE8th
376,0.612294,0.549316,Bellevue_Bellevue_NE8th
377,0.605748,0.65208,Bellevue_Bellevue_NE8th
378,0.547208,0.719083,Bellevue_Bellevue_NE8th
379,0.539232,0.424854,Bellevue_Bellevue_NE8th
380,0.521695,0.427541,Bellevue_Bellevue_NE8th
381,0.558524,0.47363,Bellevue_Bellevue_NE8th
382,0.575919,0.53458,Bellevue_Bellevue_NE8th
383,0.580201,0.585604,Bellevue_Bellevue_NE8th
384,0.580832,0.686863,Bellevue_Bellevue_NE8th
385,0.495596,0.561023,Bellevue_Bellevue_NE8th
386,0.579267,0.444986,Bellevue_Bellevue_NE8th
387,0.610936,0.40841,Bellevue_Bellevue_NE8th
388,0.547201,0.394968,Bellevue_Bellevue_NE8th
389,0.528815,0.416698,Bellevue_Bellevue_NE8th
390,0.549259,0.563742,Bellevue_Bellevue_NE8th
391,0.587785,0.603571,Bellevue_Bellevue_NE8th
392,0.561395,0.555046,Bellevue_Bellevue_NE8th
393,0.554354,0.486562,Bellevue_Bellevue_NE8th
394,0.570523,0.52732,Bellevue_Bellevue_NE8th
395,0.564992,0.570084,Bellevue_Bellevue_NE8th
396,0.513524,0.471783,Bellevue_Bellevue_NE8th
397,0.543123,0.505849,Bellevue_Bellevue_NE8th
398,0.574417,0.551412,Bellevue_Bellevue_NE8th
399,0.579196,0.646926,Bellevue_Bellevue_NE8th
400,0.578985,0.701914,Bellevue_Bellevue_NE8th
401,0.572693,0.768833,Bellevue_Bellevue_NE8th
402,0.500432,0.766827,Bellevue_Bellevue_NE8th
403,0.503152,0.706583,Bellevue_Bellevue_NE8th
404,0.551202,0.531081,Bellevue_Bellevue_NE8th
405,0.581979,0.553101,Bellevue_Bellevue_NE8th
406,0.571219,0.478229,Bellevue_Bellevue_NE8th
407,0.574765,0.53818,Bellevue_Bellevue_NE8th
408,0.602886,0.410691,Bellevue_Bellevue_NE8th
409,0.563988,0.403234,Bellevue_Bellevue_NE8th
410,0.568982,0.405747,Bellevue_Bellevue_NE8th
411,0.556424,0.388206,Bellevue_Bellevue_NE8th
412,0.550048,0.345673,Bellevue_Bellevue_NE8th
413,0.561794,0.375618,Bellevue_Bellevue_NE8th
414,0.570093,0.53802,Bellevue_Bellevue_NE8th
415,0.568546,0.526568,Bellevue_Bellevue_NE8th
416,0.564418,0.501221,Bellevue_Bellevue_NE8th
417,0.516359,0.50332,Bellevue_Bellevue_NE8th
418,0.561353,0.534637,Bellevue_Bellevue_NE8th
419,0.55512,0.459622,Bellevue_Bellevue_NE8th
420,0.511822,0.317859,Bellevue_Bellevue_NE8th
421,0.52919,0.428787,Bellevue_Bellevue_NE8th
422,0.558896,0.58452,Bellevue_Bellevue_NE8th
423,0.559288,0.413723,Bellevue_Bellevue_NE8th
424,0.590402,0.472292,Bellevue_Bellevue_NE8th
425,0.537445,0.452408,Bellevue_Bellevue_NE8th
426,0.524052,0.463436,Bellevue_Bellevue_NE8th
427,0.493704,0.649401,Bellevue_Bellevue_NE8th
428,0.52305,0.574833,Bellevue_Bellevue_NE8th
429,0.558032,0.59651,Bellevue_Bellevue_NE8th
430,0.594489,0.658442,Bellevue_Bellevue_NE8th
431,0.580663,0.600414,Bellevue_Bellevue_NE8th
432,0.59521,0.730338,Bellevue_Bellevue_NE8th
433,0.502846,0.557125,Bellevue_Bellevue_NE8th
434,0.588586,0.581725,Bellevue_Bellevue_NE8th
435,0.572671,0.613883,Bellevue_Bellevue_NE8th
436,0.572013,0.572699,Bellevue_Bellevue_NE8th
437,0.569168,0.536373,Bellevue_Bellevue_NE8th
438,0.535435,0.556319,Bellevue_Bellevue_NE8th
439,0.589161,0.409271,Bellevue_Bellevue_NE8th
440,0.611395,0.347524,Bellevue_Bellevue_NE8th
441,0.599036,0.466261,Bellevue_Bellevue_NE8th
442,0.558687,0.513149,Bellevue_Bellevue_NE8th
443,0.585196,0.453684,Bellevue_Bellevue_NE8th
444,0.555703,0.584518,Bellevue_Bellevue_NE8th
445,0.530746,0.542004,Bellevue_Bellevue_NE8th
446,0.554367,0.45975,Bellevue_Bellevue_NE8th
447,0.629271,0.480226,Bellevue_Bellevue_NE8th
448,0.587762,0.482252,Bellevue_Bellevue_NE8th
449,0.517869,0.452964,Bellevue_Bellevue_NE8th
450,0.591503,0.349551,Bellevue_Bellevue_NE8th
451,0.551229,0.35662,Bellevue_Bellevue_NE8th
452,0.542756,0.540501,Bellevue_Bellevue_NE8th
453,0.554074,0.590388,Bellevue_Bellevue_NE8th
454,0.590723,0.531779,Bellevue_Bellevue_NE8th
455,0.58919,0.56885,Bellevue_Bellevue_NE8th
456,0.587758,0.526859,Bellevue_Bellevue_NE8th
457,0.583618,0.517411,Bellevue_Bellevue_NE8th
458,0.573657,0.636705,Bellevue_Bellevue_NE8th
459,0.554874,0.591439,Bellevue_Bellevue_NE8th
460,0.552786,0.686751,Bellevue_Bellevue_NE8th
461,0.579084,0.505934,Bellevue_Bellevue_NE8th
462,0.606942,0.607633,Bellevue_Bellevue_NE8th
463,0.5732,0.659271,Bellevue_Bellevue_NE8th
464,0.507808,0.658883,Bellevue_Bellevue_NE8th
465,0.558287,0.570992,Bellevue_Bellevue_NE8th
466,0.641809,0.500161,Bellevue_Bellevue_NE8th
467,0.592517,0.482954,Bellevue_Bellevue_NE8th
468,0.547489,0.533037,Bellevue_Bellevue_NE8th
469,0.52157,0.551558,Bellevue_Bellevue_NE8th
470,0.55011,0.532086,Bellevue_Bellevue_NE8th
471,0.570971,0.482934,Bellevue_Bellevue_NE8th
472,0.607934,0.546458,Bellevue_Bellevue_NE8th
473,0.567225,0.446018,Bellevue_Bellevue_NE8th
474,0.576445,0.484959,Bellevue_Bellevue_NE8th
475,0.545785,0.564615,Bellevue_Bellevue_NE8th
476,0.566789,0.510529,Bellevue_Bellevue_NE8th
477,0.558964,0.550154,Bellevue_Bellevue_NE8th
478,0.579757,0.539245,Bellevue_Bellevue_NE8th
479,0.592878,0.479174,Bellevue_Bellevue_NE8th
480,0.573054,0.440277,Bellevue_Bellevue_NE8th
481,0.57633,0.459,Bellevue_Bellevue_NE8th
482,0.538131,0.493758,Bellevue_Bellevue_NE8th
483,0.535495,0.565519,Bellevue_Bellevue_NE8th
484,0.564447,0.601065,Bellevue_Bellevue_NE8th
485,0.566819,0.603584,Bellevue_Bellevue_NE8th
486,0.561011,0.592707,Bellevue_Bellevue_NE8th
487,0.571673,0.669314,Bellevue_Bellevue_NE8th
488,0.567707,0.578674,Bellevue_Bellevue_NE8th
489,0.582378,0.648618,Bellevue_Bellevue_NE8th
490,0.568729,0.734506,Bellevue_Bellevue_NE8th
491,0.540515,0.644194,Bellevue_Bellevue_NE8th
492,0.571679,0.688059,Bellevue_Bellevue_NE8th
493,0.585761,0.709248,Bellevue_Bellevue_NE8th
494,0.55197,0.675478,Bellevue_Bellevue_NE8th
495,0.543683,0.647546,Bellevue_Bellevue_NE8th
496,0.527077,0.608713,Bellevue_Bellevue_NE8th
497,0.552942,0.491618,Bellevue_Bellevue_NE8th
498,0.570199,0.448787,Bellevue_Bellevue_NE8th
499,0.601357,0.602619,Bellevue_Bellevue_NE8th
500,0.587417,0.551709,Bellevue_Bellevue_NE8th
501,0.57958,0.500063,Bellevue_Bellevue_NE8th
502,0.621606,0.591383,Bellevue_Bellevue_NE8th
503,0.54784,0.602123,Bellevue_Bellevue_NE8th
504,0.582935,0.642961,Bellevue_Bellevue_NE8th
505,0.603459,0.569782,Bellevue_Bellevue_NE8th
506,0.545408,0.424965,Bellevue_Bellevue_NE8th
507,0.577316,0.544665,Bellevue_Bellevue_NE8th
508,0.563259,0.407988,Bellevue_Bellevue_NE8th
509,0.598622,0.477712,Bellevue_Bellevue_NE8th
510,0.583446,0.54516,Bellevue_Bellevue_NE8th
511,0.57017,0.510938,Bellevue_Bellevue_NE8th
512,0.546827,0.448283,Bellevue_Bellevue_NE8th
513,0.581531,0.436976,Bellevue_Bellevue_NE8th
514,0.556592,0.50152,Bellevue_Bellevue_NE8th
515,0.561466,0.68134,Bellevue_Bellevue_NE8th
516,0.575467,0.684274,Bellevue_Bellevue_NE8th
517,0.554322,0.563167,Bellevue_Bellevue_NE8th
518,0.561565,0.524627,Bellevue_Bellevue_NE8th
519,0.594396,0.564548,Bellevue_Bellevue_NE8th
520,0.575072,0.586423,Bellevue_Bellevue_NE8th
521,0.553608,0.578809,Bellevue_Bellevue_NE8th
522,0.583081,0.617005,Bellevue_Bellevue_NE8th
523,0.537067,0.531059,Bellevue_Bellevue_NE8th
524,0.559926,0.346873,Bellevue_Bellevue_NE8th
525,0.537001,0.404858,Bellevue_Bellevue_NE8th
526,0.549253,0.434855,Bellevue_Bellevue_NE8th
527,0.559878,0.588961,Bellevue_Bellevue_NE8th
528,0.578469,0.59131,Bellevue_Bellevue_NE8th
529,0.605143,0.653731,Bellevue_Bellevue_NE8th
530,0.571627,0.66967,Bellevue_Bellevue_NE8th
531,0.579877,0.68959,Bellevue_Bellevue_NE8th
532,0.563554,0.681971,Bellevue_Bellevue_NE8th
533,0.551249,0.627851,Bellevue_Bellevue_NE8th
534,0.567463,0.61754,Bellevue_Bellevue_NE8th
535,0.585636,0.635401,Bellevue_Bellevue_NE8th
536,0.568167,0.550651,Bellevue_Bellevue_NE8th
537,0.581604,0.559224,Bellevue_Bellevue_NE8th
538,0.541862,0.658722,Bellevue_Bellevue_NE8th
539,0.544705,0.536359,Bellevue_Bellevue_NE8th
540,0.567464,0.368383,Bellevue_Bellevue_NE8th
541,0.575639,0.468189,Bellevue_Bellevue_NE8th
542,0.551608,0.523429,Bellevue_Bellevue_NE8th
543,0.548288,0.474797,Bellevue_Bellevue_NE8th
544,0.580284,0.518384,Bellevue_Bellevue_NE8th
545,0.564894,0.456947,Bellevue_Bellevue_NE8th
546,0.586701,0.498746,Bellevue_Bellevue_NE8th
547,0.589281,0.411773,Bellevue_Bellevue_NE8th
548,0.585266,0.488146,Bellevue_Bellevue_NE8th
549,0.557964,0.44983,Bellevue_Bellevue_NE8th
550,0.535718,0.514491,Bellevue_Bellevue_NE8th
551,0.528829,0.555161,Bellevue_Bellevue_NE8th
552,0.538434,0.482403,Bellevue_Bellevue_NE8th
553,0.561366,0.537094,Bellevue_Bellevue_NE8th
554,0.5638,0.478181,Bellevue_Bellevue_NE8th
555,0.55952,0.429568,Bellevue_Bellevue_NE8th
556,0.591829,0.494452,Bellevue_Bellevue_NE8th
557,0.576597,0.583744,Bellevue_Bellevue_NE8th
558,0.546025,0.547322,Bellevue_Bellevue_NE8th
559,0.557876,0.604819,Bellevue_Bellevue_NE8th
560,0.534644,0.572919,Bellevue_Bellevue_NE8th
561,0.568774,0.404682,Bellevue_Bellevue_NE8th
562,0.583157,0.49578,Bellevue_Bellevue_NE8th
563,0.570931,0.552496,Bellevue_Bellevue_NE8th
564,0.563443,0.538069,Bellevue_Bellevue_NE8th
565,0.583031,0.468387,Bellevue_Bellevue_NE8th
566,0.601763,0.455418,Bellevue_Bellevue_NE8th
567,0.604705,0.521401,Bellevue_Bellevue_NE8th
568,0.568453,0.469912,Bellevue_Bellevue_NE8th
569,0.572248,0.57561,Bellevue_Bellevue_NE8th
570,0.548912,0.591199,Bellevue_Bellevue_NE8th
571,0.541742,0.571483,Bellevue_Bellevue_NE8th
572,0.544945,0.634297,Bellevue_Bellevue_NE8th
573,0.551775,0.580017,Bellevue_Bellevue_NE8th
574,0.560859,0.43598,Bellevue_Bellevue_NE8th
575,0.561829,0.455613,Bellevue_Bellevue_NE8th
576,0.596166,0.518562,Bellevue_Bellevue_NE8th
577,0.54609,0.502326,Bellevue_Bellevue_NE8th
578,0.57774,0.456881,Bellevue_Bellevue_NE8th
579,0.537365,0.496733,Bellevue_Bellevue_NE8th
580,0.552919,0.484208,Bellevue_Bellevue_NE8th
581,0.564914,0.552608,Bellevue_Bellevue_NE8th
582,0.553684,0.539167,Bellevue_Bellevue_NE8th
583,0.586417,0.610559,Bellevue_Bellevue_NE8th
584,0.57535,0.563879,Bellevue_Bellevue_NE8th
585,0.565388,0.660084,Bellevue_Bellevue_NE8th
586,0.533751,0.560079,Bellevue_Bellevue_NE8th
587,0.581819,0.527307,Bellevue_Bellevue_NE8th
588,0.577619,0.495888,Bellevue_Bellevue_NE8th
589,0.550515,0.588629,Bellevue_Bellevue_NE8th
590,0.549306,0.59221,Bellevue_Bellevue_NE8th
591,0.561936,0.57423,Bellevue_Bellevue_NE8th
592,0.570224,0.496158,Bellevue_Bellevue_NE8th
593,0.614423,0.592571,Bellevue_Bellevue_NE8th
594,0.574671,0.506941,Bellevue_Bellevue_NE8th
595,0.579046,0.417976,Bellevue_Bellevue_NE8th
596,0.573463,0.30574,Bellevue_Bellevue_NE8th
597,0.544522,0.300157,Bellevue_Bellevue_NE8th
598,0.536953,0.52086,Bellevue_Bellevue_NE8th
599,0.55478,0.570967,Bellevue_Bellevue_NE8th
600,0.571313,0.544733,Bellevue_Bellevue_NE8th
601,0.596581,0.598524,Bellevue_Bellevue_NE8th
602,0.548453,0.599125,Bellevue_Bellevue_NE8th
603,0.549541,0.66747,Bellevue_Bellevue_NE8th
604,0.537023,0.418473,Bellevue_Bellevue_NE8th
605,0.564406,0.370639,Bellevue_Bellevue_NE8th
606,0.587442,0.470986,Bellevue_Bellevue_NE8th
607,0.604217,0.403897,Bellevue_Bellevue_NE8th
608,0.563282,0.476103,Bellevue_Bellevue_NE8th
609,0.52896,0.544316,Bellevue_Bellevue_NE8th
610,0.576416,0.538047,Bellevue_Bellevue_NE8th
611,0.578876,0.573591,Bellevue_Bellevue_NE8th
612,0.552383,0.484711,Bellevue_Bellevue_NE8th
613,0.559931,0.397933,Bellevue_Bellevue_NE8th
614,0.579006,0.493893,Bellevue_Bellevue_NE8th
615,0.549934,0.534886,Bellevue_Bellevue_NE8th
616,0.585616,0.360368,Bellevue_Bellevue_NE8th
617,0.609147,0.462837,Bellevue_Bellevue_NE8th
618,0.540722,0.466611,Bellevue_Bellevue_NE8th
619,0.548291,0.565446,Bellevue_Bellevue_NE8th
620,0.518358,0.504566,Bellevue_Bellevue_NE8th
621,0.551844,0.487565,Bellevue_Bellevue_NE8th
622,0.559829,0.497216,Bellevue_Bellevue_NE8th
623,0.580493,0.506764,Bellevue_Bellevue_NE8th
624,0.614287,0.551906,Bellevue_Bellevue_NE8th
625,0.529434,0.423756,Bellevue_Bellevue_NE8th
626,0.581317,0.381727,Bellevue_Bellevue_NE8th
627,0.57924,0.407552,Bellevue_Bellevue_NE8th
628,0.582777,0.618849,Bellevue_Bellevue_NE8th
629,0.574684,0.641309,Bellevue_Bellevue_NE8th
630,0.598106,0.582931,Bellevue_Bellevue_NE8th
631,0.600827,0.616186,Bellevue_Bellevue_NE8th
632,0.533209,0.619803,Bellevue_Bellevue_NE8th
633,0.573751,0.536051,Bellevue_Bellevue_NE8th
634,0.569268,0.462766,Bellevue_Bellevue_NE8th
635,0.578781,0.522619,Bellevue_Bellevue_NE8th
636,0.568906,0.517273,Bellevue_Bellevue_NE8th
637,0.57602,0.625534,Bellevue_Bellevue_NE8th
638,0.571693,0.494835,Bellevue_Bellevue_NE8th
639,0.621609,0.646496,Bellevue_Bellevue_NE8th
640,0.505049,0.560515,Bellevue_Bellevue_NE8th
641,0.569029,0.591441,Bellevue_Bellevue_NE8th
642,0.553813,0.478789,Bellevue_Bellevue_NE8th
643,0.566972,0.368694,Bellevue_Bellevue_NE8th
644,0.565411,0.489662,Bellevue_Bellevue_NE8th
645,0.569984,0.559037,Bellevue_Bellevue_NE8th
646,0.574625,0.501654,Bellevue_Bellevue_NE8th
647,0.569523,0.573479,Bellevue_Bellevue_NE8th
648,0.595148,0.649913,Bellevue_Bellevue_NE8th
649,0.567014,0.606388,Bellevue_Bellevue_NE8th
650,0.569286,0.468196,Bellevue_Bellevue_NE8th
651,0.570564,0.414337,Bellevue_Bellevue_NE8th
652,0.577672,0.466456,Bellevue_Bellevue_NE8th
653,0.571878,0.475854,Bellevue_Bellevue_NE8th
654,0.577207,0.536162,Bellevue_Bellevue_NE8th
655,0.593952,0.711179,Bellevue_Bellevue_NE8th
656,0.570572,0.709715,Bellevue_Bellevue_NE8th
657,0.560089,0.551886,Bellevue_Bellevue_NE8th
658,0.56125,0.513946,Bellevue_Bellevue_NE8th
659,0.576196,0.366227,Bellevue_Bellevue_NE8th
660,0.556715,0.393478,Bellevue_Bellevue_NE8th
661,0.567802,0.342739,Bellevue_Bellevue_NE8th
662,0.566615,0.357272,Bellevue_Bellevue_NE8th
663,0.578748,0.479162,Bellevue_Bellevue_NE8th
664,0.601127,0.537729,Bellevue_Bellevue_NE8th
665,0.585258,0.577807,Bellevue_Bellevue_NE8th
666,0.590734,0.47676,Bellevue_Bellevue_NE8th
667,0.581389,0.487576,Bellevue_Bellevue_NE8th
668,0.583419,0.456233,Bellevue_Bellevue_NE8th
669,0.563513,0.554413,Bellevue_Bellevue_NE8th
670,0.585302,0.622338,Bellevue_Bellevue_NE8th
671,0.568196,0.552251,Bellevue_Bellevue_NE8th
672,0.593842,0.598155,Bellevue_Bellevue_NE8th
673,0.572809,0.599093,Bellevue_Bellevue_NE8th
674,0.594513,0.633125,Bellevue_Bellevue_NE8th
675,0.588819,0.535953,Bellevue_Bellevue_NE8th
676,0.591809,0.501611,Bellevue_Bellevue_NE8th
677,0.594049,0.41911,Bellevue_Bellevue_NE8th
678,0.570998,0.389285,Bellevue_Bellevue_NE8th
679,0.576104,0.473857,Bellevue_Bellevue_NE8th
680,0.58745,0.600021,Bellevue_Bellevue_NE8th
681,0.58607,0.676452,Bellevue_Bellevue_NE8th
682,0.571004,0.764811,Bellevue_Bellevue_NE8th
683,0.514981,0.6664,Bellevue_Bellevue_NE8th
684,0.583755,0.616549,Bellevue_Bellevue_NE8th
685,0.57152,0.696473,Bellevue_Bellevue_NE8th
686,0.560656,0.465946,Bellevue_Bellevue_NE8th
687,0.58101,0.467199,Bellevue_Bellevue_NE8th
688,0.564935,0.511882,Bellevue_Bellevue_NE8th
689,0.56027,0.49951,Bellevue_Bellevue_NE8th
690,0.571621,0.536247,Bellevue_Bellevue_NE8th
691,0.605569,0.599465,Bellevue_Bellevue_NE8th
692,0.588764,0.647952,Bellevue_Bellevue_NE8th
693,0.58489,0.592454,Bellevue_Bellevue_NE8th
694,0.581083,0.636267,Bellevue_Bellevue_NE8th
695,0.54947,0.556398,Bellevue_Bellevue_NE8th
696,0.567489,0.461669,Bellevue_Bellevue_NE8th
697,0.564034,0.493706,Bellevue_Bellevue_NE8th
698,0.545736,0.569847,Bellevue_Bellevue_NE8th
699,0.556854,0.46356,Bellevue_Bellevue_NE8th
700,0.574414,0.449035,Bellevue_Bellevue_NE8th
701,0.589529,0.552436,Bellevue_Bellevue_NE8th
702,0.541143,0.521229,Bellevue_Bellevue_NE8th
703,0.571146,0.532972,Bellevue_Bellevue_NE8th
704,0.569444,0.490478,Bellevue_Bellevue_NE8th
705,0.564544,0.482228,Bellevue_Bellevue_NE8th
706,0.561927,0.529854,Bellevue_Bellevue_NE8th
707,0.566193,0.548538,Bellevue_Bellevue_NE8th
708,0.578839,0.470651,Bellevue_Bellevue_NE8th
709,0.593462,0.581591,Bellevue_Bellevue_NE8th
710,0.566288,0.571859,Bellevue_Bellevue_NE8th
711,0.556095,0.577185,Bellevue_Bellevue_NE8th
712,0.562403,0.636116,Bellevue_Bellevue_NE8th
713,0.586068,0.504226,Bellevue_Bellevue_NE8th
714,0.566966,0.581822,Bellevue_Bellevue_NE8th
715,0.52809,0.557899,Bellevue_Bellevue_NE8th
716,0.559277,0.551722,Bellevue_Bellevue_NE8th
717,0.564718,0.556159,Bellevue_Bellevue_NE8th
718,0.556575,0.466712,Bellevue_Bellevue_NE8th
719,0.590427,0.542652,Bellevue_Bellevue_NE8th
720,0.547378,0.539811,Bellevue_Bellevue_NE8th
721,0.536904,0.560479,Bellevue_Bellevue_NE8th
722,0.540994,0.47431,Bellevue_Bellevue_NE8th
723,0.569996,0.498503,Bellevue_Bellevue_NE8th
724,0.570643,0.615933,Bellevue_Bellevue_NE8th
725,0.57165,0.485285,Bellevue_Bellevue_NE8th
726,0.604836,0.502153,Bellevue_Bellevue_NE8th
727,0.593971,0.516748,Bellevue_Bellevue_NE8th
728,0.581609,0.485711,Bellevue_Bellevue_NE8th
729,0.574416,0.582101,Bellevue_Bellevue_NE8th
730,0.563821,0.495949,Bellevue_Bellevue_NE8th
731,0.576379,0.497023,Bellevue_Bellevue_NE8th
732,0.574363,0.547489,Bellevue_Bellevue_NE8th
733,0.59565,0.534026,Bellevue_Bellevue_NE8th
734,0.614716,0.654738,Bellevue_Bellevue_NE8th
735,0.579538,0.67355,Bellevue_Bellevue_NE8th
736,0.568604,0.602134,Bellevue_Bellevue_NE8th
737,0.580771,0.565818,Bellevue_Bellevue_NE8th
738,0.584552,0.454315,Bellevue_Bellevue_NE8th
739,0.569829,0.516836,Bellevue_Bellevue_NE8th
740,0.588032,0.573043,Bellevue_Bellevue_NE8th
741,0.570623,0.614967,Bellevue_Bellevue_NE8th
742,0.570363,0.678209,Bellevue_Bellevue_NE8th
743,0.591772,0.718908,Bellevue_Bellevue_NE8th
744,0.542667,0.567352,Bellevue_Bellevue_NE8th
745,0.573583,0.574798,Bellevue_Bellevue_NE8th
746,0.586176,0.61869,Bellevue_Bellevue_NE8th
747,0.551048,0.48971,Bellevue_Bellevue_NE8th
748,0.566005,0.535359,Bellevue_Bellevue_NE8th
749,0.572846,0.50529,Bellevue_Bellevue_NE8th
750,0.576608,0.483051,Bellevue_Bellevue_NE8th
751,0.6005,0.562502,Bellevue_Bellevue_NE8th
752,0.585759,0.467146,Bellevue_Bellevue_NE8th
753,0.558549,0.488885,Bellevue_Bellevue_NE8th
754,0.566079,0.609646,Bellevue_Bellevue_NE8th
755,0.562237,0.630684,Bellevue_Bellevue_NE8th
756,0.557255,0.716756,Bellevue_Bellevue_NE8th
757,0.537431,0.592714,Bellevue_Bellevue_NE8th
758,0.560986,0.640303,Bellevue_Bellevue_NE8th
759,0.562994,0.545948,Bellevue_Bellevue_NE8th
760,0.602369,0.528938,Bellevue_Bellevue_NE8th
761,0.580131,0.488757,Bellevue_Bellevue_NE8th
762,0.580248,0.497127,Bellevue_Bellevue_NE8th
763,0.57528,0.532663,Bellevue_Bellevue_NE8th
764,0.565533,0.472371,Bellevue_Bellevue_NE8th
765,0.569383,0.512386,Bellevue_Bellevue_NE8th
766,0.559801,0.430514,Bellevue_Bellevue_NE8th
767,0.567516,0.464771,Bellevue_Bellevue_NE8th
768,0.575633,0.407098,Bellevue_Bellevue_NE8th
769,0.59575,0.41227,Bellevue_Bellevue_NE8th
770,0.55002,0.430352,Bellevue_Bellevue_NE8th
771,0.54234,0.545396,Bellevue_Bellevue_NE8th
772,0.541834,0.566022,Bellevue_Bellevue_NE8th
773,0.531781,0.546436,Bellevue_Bellevue_NE8th
774,0.535465,0.612667,Bellevue_Bellevue_NE8th
775,0.549566,0.569254,Bellevue_Bellevue_NE8th
776,0.554976,0.549497,Bellevue_Bellevue_NE8th
777,0.61473,0.574745,Bellevue_Bellevue_NE8th
778,0.553876,0.548291,Bellevue_Bellevue_NE8th
779,0.569002,0.503069,Bellevue_Bellevue_NE8th
780,0.604115,0.544287,Bellevue_Bellevue_NE8th
781,0.578773,0.503884,Bellevue_Bellevue_NE8th
782,0.560646,0.4987,Bellevue_Bellevue_NE8th
783,0.571388,0.533674,Bellevue_Bellevue_NE8th
784,0.564783,0.579794,Bellevue_Bellevue_NE8th
785,0.576764,0.588975,Bellevue_Bellevue_NE8th
786,0.62099,0.722356,Bellevue_Bellevue_NE8th
787,0.565262,0.552266,Bellevue_Bellevue_NE8th
788,0.568782,0.55749,Bellevue_Bellevue_NE8th
789,0.564438,0.633927,Bellevue_Bellevue_NE8th
790,0.555754,0.592581,Bellevue_Bellevue_NE8th
791,0.571958,0.565206,Bellevue_Bellevue_NE8th
792,0.569066,0.597331,Bellevue_Bellevue_NE8th
793,0.565314,0.498955,Bellevue_Bellevue_NE8th
794,0.610833,0.62763,Bellevue_Bellevue_NE8th
795,0.576095,0.659672,Bellevue_Bellevue_NE8th
796,0.548421,0.612834,Bellevue_Bellevue_NE8th
797,0.582115,0.54058,Bellevue_Bellevue_NE8th
798,0.5779,0.550252,Bellevue_Bellevue_NE8th
799,0.56064,0.517681,Bellevue_Bellevue_NE8th
800,0.569254,0.549377,Bellevue_Bellevue_NE8th
801,0.573169,0.574734,Bellevue_Bellevue_NE8th
802,0.577578,0.578354,Bellevue_Bellevue_NE8th
803,0.617057,0.556754,Bellevue_Bellevue_NE8th
804,0.610407,0.580637,Bellevue_Bellevue_NE8th
805,0.575551,0.567061,Bellevue_Bellevue_NE8th
806,0.592462,0.523361,Bellevue_Bellevue_NE8th
807,0.588814,0.576518,Bellevue_Bellevue_NE8th
808,0.564488,0.5208,Bellevue_Bellevue_NE8th
809,0.57476,0.510051,Bellevue_Bellevue_NE8th
810,0.558992,0.480717,Bellevue_Bellevue_NE8th
811,0.578695,0.496776,Bellevue_Bellevue_NE8th
812,0.57631,0.55093,Bellevue_Bellevue_NE8th
813,0.570175,0.57691,Bellevue_Bellevue_NE8th
814,0.559817,0.468906,Bellevue_Bellevue_NE8th
815,0.572574,0.473222,Bellevue_Bellevue_NE8th
816,0.553221,0.487488,Bellevue_Bellevue_NE8th
817,0.557585,0.564209,Bellevue_Bellevue_NE8th
818,0.567164,0.587439,Bellevue_Bellevue_NE8th
819,0.559667,0.500415,Bellevue_Bellevue_NE8th
820,0.563559,0.536735,Bellevue_Bellevue_NE8th
821,0.587629,0.533661,Bellevue_Bellevue_NE8th
822,0.57474,0.427385,Bellevue_Bellevue_NE8th
823,0.570846,0.598445,Bellevue_Bellevue_NE8th
824,0.568612,0.656387,Bellevue_Bellevue_NE8th
825,0.578956,0.601244,Bellevue_Bellevue_NE8th
826,0.565827,0.616206,Bellevue_Bellevue_NE8th
827,0.561815,0.652574,Bellevue_Bellevue_NE8th
828,0.57575,0.69719,Bellevue_Bellevue_NE8th
829,0.587031,0.575832,Bellevue_Bellevue_NE8th
830,0.640403,0.616188,Bellevue_Bellevue_NE8th
831,0.576907,0.596906,Bellevue_Bellevue_NE8th
832,0.572627,0.578462,Bellevue_Bellevue_NE8th
833,0.573837,0.565751,Bellevue_Bellevue_NE8th
834,0.614882,0.490792,Bellevue_Bellevue_NE8th
835,0.577918,0.492655,Bellevue_Bellevue_NE8th
836,0.582525,0.482393,Bellevue_Bellevue_NE8th
837,0.580408,0.559277,Bellevue_Bellevue_NE8th
838,0.561238,0.537119,Bellevue_Bellevue_NE8th
839,0.579057,0.668473,Bellevue_Bellevue_NE8th
840,0.563931,0.720708,Bellevue_Bellevue_NE8th
841,0.552338,0.60143,Bellevue_Bellevue_NE8th
842,0.589558,0.559069,Bellevue_Bellevue_NE8th
843,0.573658,0.506784,Bellevue_Bellevue_NE8th
844,0.583993,0.522289,Bellevue_Bellevue_NE8th
845,0.572586,0.557083,Bellevue_Bellevue_NE8th
846,0.575519,0.519737,Bellevue_Bellevue_NE8th
847,0.574544,0.582449,Bellevue_Bellevue_NE8th
848,0.593827,0.665277,Bellevue_Bellevue_NE8th
849,0.552441,0.522429,Bellevue_Bellevue_NE8th
850,0.568901,0.454001,Bellevue_Bellevue_NE8th
851,0.583884,0.502398,Bellevue_Bellevue_NE8th
852,0.550718,0.430802,Bellevue_Bellevue_NE8th
853,0.573616,0.455549,Bellevue_Bellevue_NE8th
854,0.556782,0.53966,Bellevue_Bellevue_NE8th
855,0.553797,0.594447,Bellevue_Bellevue_NE8th
856,0.557016,0.527312,Bellevue_Bellevue_NE8th
857,0.575824,0.54904,Bellevue_Bellevue_NE8th
858,0.57669,0.536088,Bellevue_Bellevue_NE8th
859,0.584576,0.602388,Bellevue_Bellevue_NE8th
860,0.569191,0.621357,Bellevue_Bellevue_NE8th
861,0.571352,0.571722,Bellevue_Bellevue_NE8th
862,0.551068,0.552766,Bellevue_Bellevue_NE8th
863,0.571762,0.526704,Bellevue_Bellevue_NE8th
864,0.571629,0.564314,Bellevue_Bellevue_NE8th
865,0.553456,0.600206,Bellevue_Bellevue_NE8th
866,0.573608,0.629145,Bellevue_Bellevue_NE8th
867,0.574193,0.661589,Bellevue_Bellevue_NE8th
868,0.587302,0.584344,Bellevue_Bellevue_NE8th
869,0.62335,0.611243,Bellevue_Bellevue_NE8th
870,0.597269,0.613926,Bellevue_Bellevue_NE8th
871,0.552486,0.575977,Bellevue_Bellevue_NE8th
872,0.563319,0.592745,Bellevue_Bellevue_NE8th
873,0.577713,0.549297,Bellevue_Bellevue_NE8th
874,0.573428,0.542173,Bellevue_Bellevue_NE8th
875,0.580013,0.481457,Bellevue_Bellevue_NE8th
876,0.563208,0.529997,Bellevue_Bellevue_NE8th
877,0.566594,0.495721,Bellevue_Bellevue_NE8th
878,0.58162,0.545474,Bellevue_Bellevue_NE8th
879,0.597575,0.536323,Bellevue_Bellevue_NE8th
880,0.585507,0.511027,Bellevue_Bellevue_NE8th
881,0.578793,0.535952,Bellevue_Bellevue_NE8th
882,0.576405,0.471042,Bellevue_Bellevue_NE8th
883,0.565144,0.550979,Bellevue_Bellevue_NE8th
884,0.579013,0.584992,Bellevue_Bellevue_NE8th
885,0.616622,0.649048,Bellevue_Bellevue_NE8th
886,0.553662,0.609362,Bellevue_Bellevue_NE8th
887,0.583815,0.571336,Bellevue_Bellevue_NE8th
888,0.60615,0.605421,Bellevue_Bellevue_NE8th
889,0.585003,0.536741,Bellevue_Bellevue_NE8th
890,0.584559,0.532994,Bellevue_Bellevue_NE8th
891,0.576945,0.512294,Bellevue_Bellevue_NE8th
892,0.57849,0.488713,Bellevue_Bellevue_NE8th
893,0.571643,0.485838,Bellevue_Bellevue_NE8th
894,0.587657,0.485083,Bellevue_Bellevue_NE8th
895,0.59005,0.57034,Bellevue_Bellevue_NE8th
896,0.563769,0.529374,Bellevue_Bellevue_NE8th
897,0.579085,0.511996,Bellevue_Bellevue_NE8th
898,0.538275,0.463684,Bellevue_Bellevue_NE8th
899,0.58394,0.476331,Bellevue_Bellevue_NE8th
900,0.565451,0.493766,Bellevue_Bellevue_NE8th
901,0.559533,0.57448,Bellevue_Bellevue_NE8th
902,0.57254,0.523944,Bellevue_Bellevue_NE8th
903,0.5977,0.559346,Bellevue_Bellevue_NE8th
904,0.562367,0.543802,Bellevue_Bellevue_NE8th
905,0.592344,0.631407,Bellevue_Bellevue_NE8th
906,0.591642,0.695154,Bellevue_Bellevue_NE8th
907,0.566848,0.627416,Bellevue_Bellevue_NE8th
908,0.559313,0.654343,Bellevue_Bellevue_NE8th
909,0.511871,0.640915,Bellevue_Bellevue_NE8th
910,0.563654,0.532653,Bellevue_Bellevue_NE8th
911,0.581343,0.513824,Bellevue_Bellevue_NE8th
912,0.597925,0.579517,Bellevue_Bellevue_NE8th
913,0.592031,0.55631,Bellevue_Bellevue_NE8th
914,0.601273,0.613884,Bellevue_Bellevue_NE8th
915,0.576756,0.627882,Bellevue_Bellevue_NE8th
916,0.561703,0.510729,Bellevue_Bellevue_NE8th
917,0.549168,0.49661,Bellevue_Bellevue_NE8th
918,0.563546,0.583054,Bellevue_Bellevue_NE8th
919,0.579477,0.587479,Bellevue_Bellevue_NE8th
920,0.592958,0.578954,Bellevue_Bellevue_NE8th
921,0.588215,0.566946,Bellevue_Bellevue_NE8th
922,0.566944,0.550474,Bellevue_Bellevue_NE8th
923,0.603779,0.616211,Bellevue_Bellevue_NE8th
924,0.589156,0.658245,Bellevue_Bellevue_NE8th
925,0.569455,0.635526,Bellevue_Bellevue_NE8th
926,0.539252,0.700081,Bellevue_Bellevue_NE8th
927,0.562998,0.636534,Bellevue_Bellevue_NE8th
928,0.522399,0.57248,Bellevue_Bellevue_NE8th
929,0.578165,0.525065,Bellevue_Bellevue_NE8th
930,0.609956,0.657479,Bellevue_Bellevue_NE8th
931,0.562102,0.644334,Bellevue_Bellevue_NE8th
932,0.591934,0.605807,Bellevue_Bellevue_NE8th
933,0.584166,0.600475,Bellevue_Bellevue_NE8th
934,0.584722,0.55814,Bellevue_Bellevue_NE8th
935,0.550779,0.526898,Bellevue_Bellevue_NE8th
936,0.557501,0.547032,Bellevue_Bellevue_NE8th
937,0.576667,0.62543,Bellevue_Bellevue_NE8th
938,0.578815,0.574506,Bellevue_Bellevue_NE8th
939,0.6059,0.720684,Bellevue_Bellevue_NE8th
940,0.537618,0.66183,Bellevue_Bellevue_NE8th
941,0.578572,0.685445,Bellevue_Bellevue_NE8th
942,0.568701,0.631858,Bellevue_Bellevue_NE8th
943,0.509184,0.559964,Bellevue_Bellevue_NE8th
944,0.533609,0.568062,Bellevue_Bellevue_NE8th
945,0.508702,0.599579,Bellevue_Bellevue_NE8th
946,0.548363,0.501904,Bellevue_Bellevue_NE8th
947,0.589053,0.508701,Bellevue_Bellevue_NE8th
948,0.571147,0.600891,Bellevue_Bellevue_NE8th
949,0.563186,0.537291,Bellevue_Bellevue_NE8th
950,0.595698,0.595838,Bellevue_Bellevue_NE8th
951,0.590614,0.63225,Bellevue_Bellevue_NE8th
952,0.549174,0.501502,Bellevue_Bellevue_NE8th
953,0.57059,0.541687,Bellevue_Bellevue_NE8th
954,0.559109,0.657534,Bellevue_Bellevue_NE8th
955,0.554895,0.573691,Bellevue_Bellevue_NE8th
956,0.608902,0.722939,Bellevue_Bellevue_NE8th
957,0.550698,0.657791,Bellevue_Bellevue_NE8th
958,0.534929,0.564434,Bellevue_Bellevue_NE8th
959,0.577666,0.511406,Bellevue_Bellevue_NE8th
960,0.59647,0.558149,Bellevue_Bellevue_NE8th
961,0.560043,0.560053,Bellevue_Bellevue_NE8th
962,0.599331,0.552097,Bellevue_Bellevue_NE8th
963,0.618483,0.654403,Bellevue_Bellevue_NE8th
964,0.516187,0.538256,Bellevue_Bellevue_NE8th
965,0.583088,0.628984,Bellevue_Bellevue_NE8th
966,0.578253,0.687336,Bellevue_Bellevue_NE8th
967,0.560921,0.556064,Bellevue_Bellevue_NE8th
968,0.581761,0.552521,Bellevue_Bellevue_NE8th
969,0.586411,0.602903,Bellevue_Bellevue_NE8th
970,0.569494,0.601236,Bellevue_Bellevue_NE8th
971,0.598697,0.573777,Bellevue_Bellevue_NE8th
972,0.58137,0.60671,Bellevue_Bellevue_NE8th
973,0.589337,0.601436,Bellevue_Bellevue_NE8th
974,0.59574,0.476727,Bellevue_Bellevue_NE8th
975,0.605751,0.500621,Bellevue_Bellevue_NE8th
976,0.59865,0.458343,Bellevue_Bellevue_NE8th
977,0.572353,0.552125,Bellevue_Bellevue_NE8th
978,0.555194,0.575185,Bellevue_Bellevue_NE8th
979,0.555825,0.579988,Bellevue_Bellevue_NE8th
980,0.573667,0.515693,Bellevue_Bellevue_NE8th
981,0.63855,0.608372,Bellevue_Bellevue_NE8th
982,0.536594,0.630373,Bellevue_Bellevue_NE8th
983,0.580776,0.592163,Bellevue_Bellevue_NE8th
984,0.582265,0.612682,Bellevue_Bellevue_NE8th
985,0.583215,0.5057,Bellevue_Bellevue_NE8th
986,0.56395,0.605387,Bellevue_Bellevue_NE8th
987,0.567917,0.589179,Bellevue_Bellevue_NE8th
988,0.560452,0.616314,Bellevue_Bellevue_NE8th
989,0.577153,0.650945,Bellevue_Bellevue_NE8th
990,0.617427,0.686145,Bellevue_Bellevue_NE8th
991,0.573663,0.578988,Bellevue_Bellevue_NE8th
992,0.597324,0.589666,Bellevue_Bellevue_NE8th
993,0.58096,0.63207,Bellevue_Bellevue_NE8th
994,0.585778,0.556079,Bellevue_Bellevue_NE8th
995,0.57148,0.434428,Bellevue_Bellevue_NE8th
996,0.564428,0.502923,Bellevue_Bellevue_NE8th
997,0.562662,0.512185,Bellevue_Bellevue_NE8th
998,0.557472,0.568423,Bellevue_Bellevue_NE8th
999,0.576456,0.548656,Bellevue_Bellevue_NE8th
1000,0.574371,0.53973,Bellevue_Bellevue_NE8th
1001,0.578731,0.438247,Bellevue_Bellevue_NE8th
1002,0.592981,0.47914,Bellevue_Bellevue_NE8th
1003,0.576688,0.454148,Bellevue_Bellevue_NE8th
1004,0.552663,0.51993,Bellevue_Bellevue_NE8th
1005,0.596647,0.538395,Bellevue_Bellevue_NE8th
1006,0.582392,0.545753,Bellevue_Bellevue_NE8th
1007,0.56417,0.560839,Bellevue_Bellevue_NE8th
1008,0.609539,0.591617,Bellevue_Bellevue_NE8th
1009,0.6333,0.553699,Bellevue_Bellevue_NE8th
1010,0.577677,0.533549,Bellevue_Bellevue_NE8th
1011,0.583878,0.505414,Bellevue_Bellevue_NE8th
1012,0.588541,0.496204,Bellevue_Bellevue_NE8th
1013,0.556901,0.414128,Bellevue_Bellevue_NE8th
1014,0.580322,0.528298,Bellevue_Bellevue_NE8th
1015,0.561802,0.533027,Bellevue_Bellevue_NE8th
1016,0.574344,0.520362,Bellevue_Bellevue_NE8th
1017,0.597413,0.569769,Bellevue_Bellevue_NE8th
1018,0.620041,0.725722,Bellevue_Bellevue_NE8th
1019,0.57234,0.503153,Bellevue_Bellevue_NE8th
1020,0.588007,0.499617,Bellevue_Bellevue_NE8th
1021,0.570083,0.476321,Bellevue_Bellevue_NE8th
1022,0.564735,0.546171,Bellevue_Bellevue_NE8th
1023,0.584088,0.623111,Bellevue_Bellevue_NE8th
1024,0.591569,0.609608,Bellevue_Bellevue_NE8th
1025,0.591603,0.567809,Bellevue_Bellevue_NE8th
1026,0.607572,0.507554,Bellevue_Bellevue_NE8th
1027,0.623013,0.525054,Bellevue_Bellevue_NE8th
1028,0.585251,0.489985,Bellevue_Bellevue_NE8th
1029,0.581175,0.522892,Bellevue_Bellevue_NE8th
1030,0.59603,0.524754,Bellevue_Bellevue_NE8th
1031,0.559912,0.465634,Bellevue_Bellevue_NE8th
1032,0.574996,0.543129,Bellevue_Bellevue_NE8th
1033,0.56044,0.553972,Bellevue_Bellevue_NE8th
1034,0.571355,0.416211,Bellevue_Bellevue_NE8th
1035,0.598736,0.360724,Bellevue_Bellevue_NE8th
1036,0.590118,0.440292,Bellevue_Bellevue_NE8th
1037,0.595649,0.448313,Bellevue_Bellevue_NE8th
1038,0.583743,0.438099,Bellevue_Bellevue_NE8th
1039,0.591679,0.385282,Bellevue_Bellevue_NE8th
1040,0.57022,0.361932,Bellevue_Bellevue_NE8th
1041,0.56387,0.427168,Bellevue_Bellevue_NE8th
1042,0.5681,0.471372,Bellevue_Bellevue_NE8th
1043,0.577317,0.437442,Bellevue_Bellevue_NE8th
1044,0.580109,0.516552,Bellevue_Bellevue_NE8th
1045,0.601838,0.610107,Bellevue_Bellevue_NE8th
1046,0.578425,0.503369,Bellevue_Bellevue_NE8th
1047,0.598037,0.481114,Bellevue_Bellevue_NE8th
1048,0.604204,0.400594,Bellevue_Bellevue_NE8th
1049,0.610441,0.600412,Bellevue_Bellevue_NE8th
1050,0.526206,0.57753,Bellevue_Bellevue_NE8th
1051,0.589671,0.653272,Bellevue_Bellevue_NE8th
1052,0.593417,0.556774,Bellevue_Bellevue_NE8th
1053,0.637588,0.668865,Bellevue_Bellevue_NE8th
1054,0.57408,0.560706,Bellevue_Bellevue_NE8th
1055,0.616933,0.471246,Bellevue_Bellevue_NE8th
1056,0.614363,0.463848,Bellevue_Bellevue_NE8th
1057,0.597041,0.389071,Bellevue_Bellevue_NE8th
1058,0.58036,0.432904,Bellevue_Bellevue_NE8th
1059,0.561476,0.497083,Bellevue_Bellevue_NE8th
1060,0.600611,0.662174,Bellevue_Bellevue_NE8th
1061,0.609769,0.655858,Bellevue_Bellevue_NE8th
1062,0.591103,0.671397,Bellevue_Bellevue_NE8th
1063,0.574186,0.585017,Bellevue_Bellevue_NE8th
1064,0.609076,0.595587,Bellevue_Bellevue_NE8th
1065,0.600205,0.609417,Bellevue_Bellevue_NE8th
1066,0.584361,0.493265,Bellevue_Bellevue_NE8th
1067,0.579021,0.433468,Bellevue_Bellevue_NE8th
1068,0.589244,0.470131,Bellevue_Bellevue_NE8th
1069,0.588946,0.458875,Bellevue_Bellevue_NE8th
1070,0.598711,0.673994,Bellevue_Bellevue_NE8th
1071,0.554706,0.566602,Bellevue_Bellevue_NE8th
1072,0.588631,0.592094,Bellevue_Bellevue_NE8th
1073,0.584491,0.572388,Bellevue_Bellevue_NE8th
1074,0.582721,0.601888,Bellevue_Bellevue_NE8th
1075,0.550783,0.40109,Bellevue_Bellevue_NE8th
1076,0.581979,0.485295,Bellevue_Bellevue_NE8th
1077,0.603691,0.517713,Bellevue_Bellevue_NE8th
1078,0.575914,0.456541,Bellevue_Bellevue_NE8th
1079,0.575581,0.575424,Bellevue_Bellevue_NE8th
1080,0.584564,0.608307,Bellevue_Bellevue_NE8th
1081,0.589798,0.48061,Bellevue_Bellevue_NE8th
1082,0.619249,0.475407,Bellevue_Bellevue_NE8th
1083,0.6042,0.482629,Bellevue_Bellevue_NE8th
1084,0.590021,0.456984,Bellevue_Bellevue_NE8th
1085,0.532267,0.402189,Bellevue_Bellevue_NE8th
1086,0.574795,0.456346,Bellevue_Bellevue_NE8th
1087,0.580607,0.522977,Bellevue_Bellevue_NE8th
1088,0.577296,0.531446,Bellevue_Bellevue_NE8th
1089,0.611377,0.495488,Bellevue_Bellevue_NE8th
1090,0.653352,0.499687,Bellevue_Bellevue_NE8th
1091,0.613467,0.54816,Bellevue_Bellevue_NE8th
1092,0.631025,0.480053,Bellevue_Bellevue_NE8th
1093,0.593086,0.471817,Bellevue_Bellevue_NE8th
1094,0.603628,0.489693,Bellevue_Bellevue_NE8th
1095,0.604283,0.383873,Bellevue_Bellevue_NE8th
1096,0.568402,0.47654,Bellevue_Bellevue_NE8th
1097,0.58511,0.620988,Bellevue_Bellevue_NE8th
1098,0.58731,0.7057,Bellevue_Bellevue_NE8th
1099,0.615362,0.641832,Bellevue_Bellevue_NE8th
1100,0.657812,0.671192,Bellevue_Bellevue_NE8th
1101,0.584172,0.66467,Bellevue_Bellevue_NE8th
1102,0.602966,0.582877,Bellevue_Bellevue_NE8th
1103,0.601166,0.600794,Bellevue_Bellevue_NE8th
1104,0.592578,0.578842,Bellevue_Bellevue_NE8th
1105,0.589366,0.491661,Bellevue_Bellevue_NE8th
1106,0.623247,0.590351,Bellevue_Bellevue_NE8th
1107,0.592869,0.652841,Bellevue_Bellevue_NE8th
1108,0.575513,0.582378,Bellevue_Bellevue_NE8th
1109,0.625355,0.670006,Bellevue_Bellevue_NE8th
1110,0.606825,0.73191,Bellevue_Bellevue_NE8th
1111,0.568724,0.622297,Bellevue_Bellevue_NE8th
1112,0.621508,0.571031,Bellevue_Bellevue_NE8th
1113,0.614366,0.530929,Bellevue_Bellevue_NE8th
1114,0.598397,0.458017,Bellevue_Bellevue_NE8th
1115,0.613816,0.522531,Bellevue_Bellevue_NE8th
1116,0.587238,0.554175,Bellevue_Bellevue_NE8th
1117,0.597938,0.590856,Bellevue_Bellevue_NE8th
1118,0.624021,0.687481,Bellevue_Bellevue_NE8th
1119,0.613928,0.733386,Bellevue_Bellevue_NE8th
1120,0.580146,0.659282,Bellevue_Bellevue_NE8th
1121,0.59637,0.607598,Bellevue_Bellevue_NE8th
1122,0.638853,0.581288,Bellevue_Bellevue_NE8th
1123,0.600579,0.474071,Bellevue_Bellevue_NE8th
1124,0.584446,0.561306,Bellevue_Bellevue_NE8th
1125,0.551699,0.660525,Bellevue_Bellevue_NE8th
1126,0.587821,0.659349,Bellevue_Bellevue_NE8th
1127,0.581597,0.663305,Bellevue_Bellevue_NE8th
1128,0.598322,0.647022,Bellevue_Bellevue_NE8th
1129,0.597044,0.593216,Bellevue_Bellevue_NE8th
1130,0.600654,0.590517,Bellevue_Bellevue_NE8th
1131,0.625431,0.595702,Bellevue_Bellevue_NE8th
1132,0.589215,0.512114,Bellevue_Bellevue_NE8th
1133,0.62216,0.600201,Bellevue_Bellevue_NE8th
1134,0.590871,0.629917,Bellevue_Bellevue_NE8th
1135,0.605331,0.661615,Bellevue_Bellevue_NE8th
1136,0.584508,0.675907,Bellevue_Bellevue_NE8th
1137,0.598978,0.704402,Bellevue_Bellevue_NE8th
1138,0.577749,0.664053,Bellevue_Bellevue_NE8th
1139,0.594105,0.753167,Bellevue_Bellevue_NE8th
1140,0.579683,0.716402,Bellevue_Bellevue_NE8th
1141,0.554891,0.492765,Bellevue_Bellevue_NE8th
1142,0.595254,0.565138,Bellevue_Bellevue_NE8th
1143,0.563297,0.575164,Bellevue_Bellevue_NE8th
1144,0.585319,0.639564,Bellevue_Bellevue_NE8th
1145,0.650923,0.771863,Bellevue_Bellevue_NE8th
1146,0.548967,0.658512,Bellevue_Bellevue_NE8th
1147,0.591871,0.727324,Bellevue_Bellevue_NE8th
1148,0.601515,0.599186,Bellevue_Bellevue_NE8th
1149,0.611581,0.654218,Bellevue_Bellevue_NE8th
1150,0.563074,0.534954,Bellevue_Bellevue_NE8th
1151,0.597208,0.549403,Bellevue_Bellevue_NE8th
1152,0.585626,0.604904,Bellevue_Bellevue_NE8th
1153,0.593505,0.594686,Bellevue_Bellevue_NE8th
1154,0.632444,0.63144,Bellevue_Bellevue_NE8th
1155,0.578064,0.624459,Bellevue_Bellevue_NE8th
1156,0.586987,0.603392,Bellevue_Bellevue_NE8th
1157,0.588462,0.523556,Bellevue_Bellevue_NE8th
1158,0.613363,0.540321,Bellevue_Bellevue_NE8th
1159,0.591312,0.552434,Bellevue_Bellevue_NE8th
1160,0.57784,0.563241,Bellevue_Bellevue_NE8th
1161,0.587448,0.543912,Bellevue_Bellevue_NE8th
1162,0.586616,0.584343,Bellevue_Bellevue_NE8th
1163,0.618607,0.573898,Bellevue_Bellevue_NE8th
1164,0.627519,0.647526,Bellevue_Bellevue_NE8th
1165,0.56412,0.613606,Bellevue_Bellevue_NE8th
1166,0.612351,0.638002,Bellevue_Bellevue_NE8th
1167,0.59497,0.635954,Bellevue_Bellevue_NE8th
1168,0.581936,0.556057,Bellevue_Bellevue_NE8th
1169,0.564609,0.5363,Bellevue_Bellevue_NE8th
1170,0.59448,0.57658,Bellevue_Bellevue_NE8th
1171,0.582151,0.51763,Bellevue_Bellevue_NE8th
1172,0.58217,0.517613,Bellevue_Bellevue_NE8th
1173,0.602055,0.621376,Bellevue_Bellevue_NE8th
1174,0.578273,0.597676,Bellevue_Bellevue_NE8th
1175,0.608828,0.561898,Bellevue_Bellevue_NE8th
1176,0.600097,0.581046,Bellevue_Bellevue_NE8th
1177,0.598232,0.559103,Bellevue_Bellevue_NE8th
1178,0.567992,0.517083,Bellevue_Bellevue_NE8th
1179,0.565603,0.588917,Bellevue_Bellevue_NE8th
1180,0.580203,0.596704,Bellevue_Bellevue_NE8th
1181,0.61827,0.625932,Bellevue_Bellevue_NE8th
1182,0.624234,0.633686,Bellevue_Bellevue_NE8th
1183,0.58082,0.623475,Bellevue_Bellevue_NE8th
1184,0.609929,0.686691,Bellevue_Bellevue_NE8th
1185,0.585817,0.663874,Bellevue_Bellevue_NE8th
1186,0.573462,0.571819,Bellevue_Bellevue_NE8th
1187,0.577041,0.586628,Bellevue_Bellevue_NE8th
1188,0.595047,0.494004,Bellevue_Bellevue_NE8th
1189,0.616024,0.622968,Bellevue_Bellevue_NE8th
1190,0.599504,0.593856,Bellevue_Bellevue_NE8th
1191,0.589033,0.572155,Bellevue_Bellevue_NE8th
1192,0.59671,0.576178,Bellevue_Bellevue_NE8th
1193,0.593085,0.321756,Bellevue_Bellevue_NE8th
1194,0.579838,0.325991,Bellevue_Bellevue_NE8th
1195,0.5763,0.600571,Bellevue_Bellevue_NE8th
1196,0.615567,0.645553,Bellevue_Bellevue_NE8th
1197,0.608432,0.746714,Bellevue_Bellevue_NE8th
1198,0.550879,0.673277,Bellevue_Bellevue_NE8th
1199,0.595552,0.546616,Bellevue_Bellevue_NE8th
1200,0.604582,0.540569,Bellevue_Bellevue_NE8th
1201,0.590443,0.466597,Bellevue_Bellevue_NE8th
1202,0.572855,0.424603,Bellevue_Bellevue_NE8th
1203,0.59935,0.511019,Bellevue_Bellevue_NE8th
1204,0.61087,0.613645,Bellevue_Bellevue_NE8th
1205,0.590766,0.583903,Bellevue_Bellevue_NE8th
1206,0.622102,0.66,Bellevue_Bellevue_NE8th
1207,0.546585,0.575068,Bellevue_Bellevue_NE8th
1208,0.61141,0.537514,Bellevue_Bellevue_NE8th
1209,0.594411,0.550622,Bellevue_Bellevue_NE8th
1210,0.596099,0.571545,Bellevue_Bellevue_NE8th
1211,0.567405,0.445979,Bellevue_Bellevue_NE8th
1212,0.59823,0.482258,Bellevue_Bellevue_NE8th
1213,0.572456,0.589648,Bellevue_Bellevue_NE8th
1214,0.576314,0.657238,Bellevue_Bellevue_NE8th
1215,0.648426,0.749317,Bellevue_Bellevue_NE8th
1216,0.546708,0.594875,Bellevue_Bellevue_NE8th
1217,0.606213,0.574452,Bellevue_Bellevue_NE8th
1218,0.646334,0.572697,Bellevue_Bellevue_NE8th
1219,0.601391,0.5545,Bellevue_Bellevue_NE8th
1220,0.572157,0.520614,Bellevue_Bellevue_NE8th
1221,0.616559,0.531791,Bellevue_Bellevue_NE8th
1222,0.586983,0.609476,Bellevue_Bellevue_NE8th
1223,0.615938,0.565064,Bellevue_Bellevue_NE8th
1224,0.631761,0.543297,Bellevue_Bellevue_NE8th
1225,0.630965,0.549338,Bellevue_Bellevue_NE8th
1226,0.590519,0.524587,Bellevue_Bellevue_NE8th
1227,0.607479,0.538912,Bellevue_Bellevue_NE8th
1228,0.578224,0.458098,Bellevue_Bellevue_NE8th
1229,0.579227,0.44052,Bellevue_Bellevue_NE8th
1230,0.587696,0.497381,Bellevue_Bellevue_NE8th
1231,0.581003,0.539094,Bellevue_Bellevue_NE8th
1232,0.59276,0.567614,Bellevue_Bellevue_NE8th
1233,0.591926,0.577061,Bellevue_Bellevue_NE8th
1234,0.616743,0.594168,Bellevue_Bellevue_NE8th
1235,0.591663,0.585208,Bellevue_Bellevue_NE8th
1236,0.601702,0.585027,Bellevue_Bellevue_NE8th
1237,0.634544,0.627528,Bellevue_Bellevue_NE8th
1238,0.581423,0.568484,Bellevue_Bellevue_NE8th
1239,0.624225,0.660266,Bellevue_Bellevue_NE8th
1240,0.582367,0.640373,Bellevue_Bellevue_NE8th
1241,0.596854,0.704365,Bellevue_Bellevue_NE8th
1242,0.606667,0.713481,Bellevue_Bellevue_NE8th
1243,0.620999,0.729242,Bellevue_Bellevue_NE8th
1244,0.562941,0.66174,Bellevue_Bellevue_NE8th
1245,0.60498,0.568608,Bellevue_Bellevue_NE8th
1246,0.62612,0.534152,Bellevue_Bellevue_NE8th
1247,0.593758,0.502302,Bellevue_Bellevue_NE8th
1248,0.59883,0.546217,Bellevue_Bellevue_NE8th
1249,0.575826,0.572199,Bellevue_Bellevue_NE8th
1250,0.612106,0.626834,Bellevue_Bellevue_NE8th
1251,0.610861,0.722635,Bellevue_Bellevue_NE8th
1252,0.639101,0.698514,Bellevue_Bellevue_NE8th
1253,0.59079,0.665627,Bellevue_Bellevue_NE8th
1254,0.612866,0.679907,Bellevue_Bellevue_NE8th
1255,0.599415,0.6104,Bellevue_Bellevue_NE8th
1256,0.586366,0.585921,Bellevue_Bellevue_NE8th
1257,0.592019,0.581132,Bellevue_Bellevue_NE8th
1258,0.579015,0.575675,Bellevue_Bellevue_NE8th
1259,0.594269,0.599973,Bellevue_Bellevue_NE8th
1260,0.609184,0.699012,Bellevue_Bellevue_NE8th
1261,0.589982,0.641907,Bellevue_Bellevue_NE8th
1262,0.604498,0.639889,Bellevue_Bellevue_NE8th
1263,0.582169,0.706687,Bellevue_Bellevue_NE8th
1264,0.574794,0.636831,Bellevue_Bellevue_NE8th
1265,0.571982,0.611276,Bellevue_Bellevue_NE8th
1266,0.587318,0.619958,Bellevue_Bellevue_NE8th
1267,0.582328,0.661097,Bellevue_Bellevue_NE8th
1268,0.589529,0.573892,Bellevue_Bellevue_NE8th
1269,0.618471,0.704947,Bellevue_Bellevue_NE8th
1270,0.605869,0.732195,Bellevue_Bellevue_NE8th
1271,0.5903,0.599363,Bellevue_Bellevue_NE8th
1272,0.588884,0.555584,Bellevue_Bellevue_NE8th
1273,0.594526,0.561858,Bellevue_Bellevue_NE8th
1274,0.577137,0.500902,Bellevue_Bellevue_NE8th
1275,0.590447,0.549914,Bellevue_Bellevue_NE8th
1276,0.566788,0.596331,Bellevue_Bellevue_NE8th
1277,0.588937,0.67636,Bellevue_Bellevue_NE8th
1278,0.647812,0.807855,Bellevue_Bellevue_NE8th
1279,0.569834,0.664136,Bellevue_Bellevue_NE8th
1280,0.632744,0.627155,Bellevue_Bellevue_NE8th
1281,0.624746,0.659934,Bellevue_Bellevue_NE8th
1282,0.573695,0.580536,Bellevue_Bellevue_NE8th
1283,0.595633,0.429189,Bellevue_Bellevue_NE8th
1284,0.58892,0.480995,Bellevue_Bellevue_NE8th
1285,0.566847,0.638266,Bellevue_Bellevue_NE8th
1286,0.577998,0.666991,Bellevue_Bellevue_NE8th
1287,0.608766,0.64682,Bellevue_Bellevue_NE8th
1288,0.646306,0.602239,Bellevue_Bellevue_NE8th
1289,0.608799,0.557441,Bellevue_Bellevue_NE8th
1290,0.609924,0.516957,Bellevue_Bellevue_NE8th
1291,0.599752,0.502908,Bellevue_Bellevue_NE8th
1292,0.574543,0.387804,Bellevue_Bellevue_NE8th
1293,0.616986,0.458036,Bellevue_Bellevue_NE8th
1294,0.603627,0.674561,Bellevue_Bellevue_NE8th
1295,0.635482,0.706785,Bellevue_Bellevue_NE8th
1296,0.588425,0.701429,Bellevue_Bellevue_NE8th
1297,0.598801,0.701565,Bellevue_Bellevue_NE8th
1298,0.605732,0.646965,Bellevue_Bellevue_NE8th
1299,0.60302,0.649284,Bellevue_Bellevue_NE8th
1300,0.602844,0.597478,Bellevue_Bellevue_NE8th
1301,0.582076,0.511996,Bellevue_Bellevue_NE8th
1302,0.619137,0.548906,Bellevue_Bellevue_NE8th
1303,0.58295,0.626713,Bellevue_Bellevue_NE8th
1304,0.580122,0.566931,Bellevue_Bellevue_NE8th
1305,0.652467,0.670429,Bellevue_Bellevue_NE8th
1306,0.589554,0.587664,Bellevue_Bellevue_NE8th
1307,0.606191,0.545397,Bellevue_Bellevue_NE8th
1308,0.599248,0.483631,Bellevue_Bellevue_NE8th
1309,0.579979,0.420716,Bellevue_Bellevue_NE8th
1310,0.581672,0.363837,Bellevue_Bellevue_NE8th
1311,0.591124,0.524063,Bellevue_Bellevue_NE8th
1312,0.582929,0.624295,Bellevue_Bellevue_NE8th
1313,0.593829,0.570327,Bellevue_Bellevue_NE8th
1314,0.619392,0.68314,Bellevue_Bellevue_NE8th
1315,0.601608,0.634299,Bellevue_Bellevue_NE8th
1316,0.603029,0.52941,Bellevue_Bellevue_NE8th
1317,0.607707,0.551509,Bellevue_Bellevue_NE8th
1318,0.585554,0.543145,Bellevue_Bellevue_NE8th
1319,0.584254,0.519384,Bellevue_Bellevue_NE8th
1320,0.585085,0.636129,Bellevue_Bellevue_NE8th
1321,0.587744,0.680485,Bellevue_Bellevue_NE8th
1322,0.61371,0.643571,Bellevue_Bellevue_NE8th
1323,0.654951,0.770325,Bellevue_Bellevue_NE8th
1324,0.556626,0.667769,Bellevue_Bellevue_NE8th
1325,0.596706,0.589385,Bellevue_Bellevue_NE8th
1326,0.611306,0.521311,Bellevue_Bellevue_NE8th
1327,0.593742,0.519828,Bellevue_Bellevue_NE8th
1328,0.571913,0.332621,Bellevue_Bellevue_NE8th
1329,0.588957,0.549006,Bellevue_Bellevue_NE8th
1330,0.591782,0.543534,Bellevue_Bellevue_NE8th
1331,0.604267,0.625482,Bellevue_Bellevue_NE8th
1332,0.661329,0.685433,Bellevue_Bellevue_NE8th
1333,0.565642,0.565261,Bellevue_Bellevue_NE8th
1334,0.607792,0.543911,Bellevue_Bellevue_NE8th
1335,0.613649,0.524417,Bellevue_Bellevue_NE8th
1336,0.593554,0.469954,Bellevue_Bellevue_NE8th
1337,0.579495,0.334502,Bellevue_Bellevue_NE8th
1338,0.587956,0.504808,Bellevue_Bellevue_NE8th
1339,0.592338,0.660495,Bellevue_Bellevue_NE8th
1340,0.599207,0.659472,Bellevue_Bellevue_NE8th
1341,0.621294,0.713689,Bellevue_Bellevue_NE8th
1342,0.605208,0.654804,Bellevue_Bellevue_NE8th
1343,0.611218,0.597783,Bellevue_Bellevue_NE8th
1344,0.606099,0.59167,Bellevue_Bellevue_NE8th
1345,0.575376,0.600001,Bellevue_Bellevue_NE8th
1346,0.563025,0.495623,Bellevue_Bellevue_NE8th
1347,0.581306,0.566445,Bellevue_Bellevue_NE8th
1348,0.592693,0.516837,Bellevue_Bellevue_NE8th
1349,0.594461,0.474809,Bellevue_Bellevue_NE8th
1350,0.602351,0.531955,Bellevue_Bellevue_NE8th
1351,0.61827,0.510101,Bellevue_Bellevue_NE8th
1352,0.602731,0.490819,Bellevue_Bellevue_NE8th
1353,0.611652,0.531968,Bellevue_Bellevue_NE8th
1354,0.622389,0.46914,Bellevue_Bellevue_NE8th
1355,0.599101,0.51314,Bellevue_Bellevue_NE8th
1356,0.581982,0.608105,Bellevue_Bellevue_NE8th
1357,0.60349,0.693851,Bellevue_Bellevue_NE8th
1358,0.601919,0.646661,Bellevue_Bellevue_NE8th
1359,0.624553,0.62231,Bellevue_Bellevue_NE8th
1360,0.605205,0.564248,Bellevue_Bellevue_NE8th
1361,0.603779,0.48183,Bellevue_Bellevue_NE8th
1362,0.60504,0.556079,Bellevue_Bellevue_NE8th
1363,0.621908,0.550254,Bellevue_Bellevue_NE8th
1364,0.584846,0.498547,Bellevue_Bellevue_NE8th
1365,0.592675,0.595045,Bellevue_Bellevue_NE8th
1366,0.59525,0.678349,Bellevue_Bellevue_NE8th
1367,0.641636,0.637399,Bellevue_Bellevue_NE8th
1368,0.62627,0.687813,Bellevue_Bellevue_NE8th
1369,0.630835,0.702203,Bellevue_Bellevue_NE8th
1370,0.602005,0.611706,Bellevue_Bellevue_NE8th
1371,0.608596,0.625862,Bellevue_Bellevue_NE8th
1372,0.580012,0.544498,Bellevue_Bellevue_NE8th
1373,0.560271,0.515911,Bellevue_Bellevue_NE8th
1374,0.579818,0.648,Bellevue_Bellevue_NE8th
1375,0.590855,0.616805,Bellevue_Bellevue_NE8th
1376,0.598116,0.523824,Bellevue_Bellevue_NE8th
1377,0.609824,0.61005,Bellevue_Bellevue_NE8th
1378,0.575624,0.559399,Bellevue_Bellevue_NE8th
1379,0.610999,0.526629,Bellevue_Bellevue_NE8th
1380,0.656911,0.537941,Bellevue_Bellevue_NE8th
1381,0.597069,0.519399,Bellevue_Bellevue_NE8th
1382,0.582436,0.481469,Bellevue_Bellevue_NE8th
1383,0.61898,0.551357,Bellevue_Bellevue_NE8th
1384,0.62243,0.59694,Bellevue_Bellevue_NE8th
1385,0.643045,0.596504,Bellevue_Bellevue_NE8th
1386,0.619816,0.653948,Bellevue_Bellevue_NE8th
1387,0.61153,0.570264,Bellevue_Bellevue_NE8th
1388,0.617773,0.560394,Bellevue_Bellevue_NE8th
1389,0.613978,0.536168,Bellevue_Bellevue_NE8th
1390,0.558354,0.564728,Bellevue_Bellevue_NE8th
1391,0.609667,0.528343,Bellevue_Bellevue_NE8th
1392,0.603815,0.580083,Bellevue_Bellevue_NE8th
1393,0.614161,0.578119,Bellevue_Bellevue_NE8th
1394,0.62506,0.560492,Bellevue_Bellevue_NE8th
1395,0.613242,0.579397,Bellevue_Bellevue_NE8th
1396,0.603885,0.685731,Bellevue_Bellevue_NE8th
1397,0.578407,0.711956,Bellevue_Bellevue_NE8th
1398,0.592446,0.696544,Bellevue_Bellevue_NE8th
1399,0.580555,0.707708,Bellevue_Bellevue_NE8th
1400,0.598295,0.680349,Bellevue_Bellevue_NE8th
1401,0.593112,0.701631,Bellevue_Bellevue_NE8th
1402,0.591326,0.624511,Bellevue_Bellevue_NE8th
1403,0.615153,0.708706,Bellevue_Bellevue_NE8th
1404,0.621217,0.622574,Bellevue_Bellevue_NE8th
1405,0.626364,0.601262,Bellevue_Bellevue_NE8th
1406,0.630553,0.643151,Bellevue_Bellevue_NE8th
1407,0.605945,0.533113,Bellevue_Bellevue_NE8th
1408,0.619666,0.521163,Bellevue_Bellevue_NE8th
1409,0.604303,0.634865,Bellevue_Bellevue_NE8th
1410,0.597566,0.604921,Bellevue_Bellevue_NE8th
1411,0.662238,0.592132,Bellevue_Bellevue_NE8th
1412,0.610902,0.651057,Bellevue_Bellevue_NE8th
1413,0.636253,0.565279,Bellevue_Bellevue_NE8th
1414,0.616365,0.548654,Bellevue_Bellevue_NE8th
1415,0.617291,0.588346,Bellevue_Bellevue_NE8th
1416,0.624841,0.615783,Bellevue_Bellevue_NE8th
1417,0.591559,0.57908,Bellevue_Bellevue_NE8th
1418,0.592585,0.622363,Bellevue_Bellevue_NE8th
1419,0.59501,0.581349,Bellevue_Bellevue_NE8th
1420,0.647374,0.522082,Bellevue_Bellevue_NE8th
1421,0.627183,0.536399,Bellevue_Bellevue_NE8th
1422,0.607409,0.571278,Bellevue_Bellevue_NE8th
1423,0.597531,0.51267,Bellevue_Bellevue_NE8th
1424,0.605799,0.554617,Bellevue_Bellevue_NE8th
1425,0.600932,0.450726,Bellevue_Bellevue_NE8th
1426,0.574278,0.539232,Bellevue_Bellevue_NE8th
1427,0.582097,0.626608,Bellevue_Bellevue_NE8th
1428,0.589976,0.670592,Bellevue_Bellevue_NE8th
1429,0.589607,0.635878,Bellevue_Bellevue_NE8th
1430,0.631885,0.771821,Bellevue_Bellevue_NE8th
1431,0.578047,0.614045,Bellevue_Bellevue_NE8th
1432,0.594672,0.69254,Bellevue_Bellevue_NE8th
1433,0.626098,0.708042,Bellevue_Bellevue_NE8th
1434,0.575617,0.712491,Bellevue_Bellevue_NE8th
1435,0.587132,0.743285,Bellevue_Bellevue_NE8th
1436,0.583825,0.737555,Bellevue_Bellevue_NE8th
1437,0.623093,0.639442,Bellevue_Bellevue_NE8th
1438,0.685278,0.684613,Bellevue_Bellevue_NE8th
1439,0.579612,0.536112,Bellevue_Bellevue_NE8th
1440,0.653664,0.479503,Bellevue_Bellevue_NE8th
1441,0.622844,0.496467,Bellevue_Bellevue_NE8th
1442,0.588327,0.583809,Bellevue_Bellevue_NE8th
1443,0.575534,0.506583,Bellevue_Bellevue_NE8th
1444,0.598673,0.538732,Bellevue_Bellevue_NE8th
1445,0.603406,0.52943,Bellevue_Bellevue_NE8th
1446,0.610627,0.563776,Bellevue_Bellevue_NE8th
1447,0.654416,0.601475,Bellevue_Bellevue_NE8th
1448,0.551138,0.462141,Bellevue_Bellevue_NE8th
1449,0.619444,0.525968,Bellevue_Bellevue_NE8th
1450,0.602203,0.634571,Bellevue_Bellevue_NE8th
1451,0.584355,0.729856,Bellevue_Bellevue_NE8th
1452,0.57663,0.532676,Bellevue_Bellevue_NE8th
1453,0.60176,0.678555,Bellevue_Bellevue_NE8th
1454,0.605921,0.709475,Bellevue_Bellevue_NE8th
1455,0.598871,0.621282,Bellevue_Bellevue_NE8th
1456,0.674007,0.708505,Bellevue_Bellevue_NE8th
1457,0.586815,0.685548,Bellevue_Bellevue_NE8th
1458,0.603123,0.573771,Bellevue_Bellevue_NE8th
1459,0.598933,0.587541,Bellevue_Bellevue_NE8th
1460,0.589099,0.584101,Bellevue_Bellevue_NE8th
1461,0.570713,0.563,Bellevue_Bellevue_NE8th
1462,0.586172,0.674974,Bellevue_Bellevue_NE8th
1463,0.593258,0.608679,Bellevue_Bellevue_NE8th
1464,0.606791,0.556432,Bellevue_Bellevue_NE8th
1465,0.650857,0.609798,Bellevue_Bellevue_NE8th
1466,0.599443,0.581435,Bellevue_Bellevue_NE8th
1467,0.609943,0.485902,Bellevue_Bellevue_NE8th
1468,0.62253,0.520142,Bellevue_Bellevue_NE8th
1469,0.613024,0.622753,Bellevue_Bellevue_NE8th
1470,0.578325,0.547214,Bellevue_Bellevue_NE8th
1471,0.603612,0.593928,Bellevue_Bellevue_NE8th
1472,0.606294,0.657351,Bellevue_Bellevue_NE8th
1473,0.645911,0.653483,Bellevue_Bellevue_NE8th
1474,0.644841,0.785866,Bellevue_Bellevue_NE8th
1475,0.606103,0.69735,Bellevue_Bellevue_NE8th
1476,0.618784,0.641331,Bellevue_Bellevue_NE8th
1477,0.633598,0.623804,Bellevue_Bellevue_NE8th
1478,0.653672,0.65958,Bellevue_Bellevue_NE8th
1479,0.595839,0.583152,Bellevue_Bellevue_NE8th
1480,0.600578,0.624902,Bellevue_Bellevue_NE8th
1481,0.618322,0.678399,Bellevue_Bellevue_NE8th
1482,0.61464,0.734231,Bellevue_Bellevue_NE8th
1483,0.622693,0.648194,Bellevue_Bellevue_NE8th
1484,0.653382,0.641002,Bellevue_Bellevue_NE8th
1485,0.586797,0.608211,Bellevue_Bellevue_NE8th
1486,0.602507,0.641607,Bellevue_Bellevue_NE8th
1487,0.600021,0.58707,Bellevue_Bellevue_NE8th
1488,0.598516,0.525476,Bellevue_Bellevue_NE8th
1489,0.616952,0.572883,Bellevue_Bellevue_NE8th
1490,0.598031,0.686871,Bellevue_Bellevue_NE8th
1491,0.594845,0.620073,Bellevue_Bellevue_NE8th
1492,0.640873,0.74172,Bellevue_Bellevue_NE8th
1493,0.612166,0.773908,Bellevue_Bellevue_NE8th
1494,0.604769,0.754947,Bellevue_Bellevue_NE8th
1495,0.605555,0.70834,Bellevue_Bellevue_NE8th
1496,0.605849,0.584743,Bellevue_Bellevue_NE8th
1497,0.589145,0.489842,Bellevue_Bellevue_NE8th
1498,0.599806,0.612324,Bellevue_Bellevue_NE8th
1499,0.605593,0.510896,Bellevue_Bellevue_NE8th
1500,0.63385,0.633616,Bellevue_Bellevue_NE8th
1501,0.598217,0.596559,Bellevue_Bellevue_NE8th
1502,0.61844,0.546285,Bellevue_Bellevue_NE8th
1503,0.61749,0.529712,Bellevue_Bellevue_NE8th
1504,0.655497,0.507093,Bellevue_Bellevue_NE8th
1505,0.603188,0.408487,Bellevue_Bellevue_NE8th
1506,0.614096,0.438779,Bellevue_Bellevue_NE8th
1507,0.593672,0.589732,Bellevue_Bellevue_NE8th
1508,0.611256,0.740553,Bellevue_Bellevue_NE8th
1509,0.643142,0.751679,Bellevue_Bellevue_NE8th
1510,0.669117,0.833003,Bellevue_Bellevue_NE8th
1511,0.633929,0.754131,Bellevue_Bellevue_NE8th
1512,0.605612,0.659292,Bellevue_Bellevue_NE8th
1513,0.623541,0.595939,Bellevue_Bellevue_NE8th
1514,0.627938,0.507999,Bellevue_Bellevue_NE8th
1515,0.599456,0.528887,Bellevue_Bellevue_NE8th
1516,0.603207,0.544986,Bellevue_Bellevue_NE8th
1517,0.604782,0.555559,Bellevue_Bellevue_NE8th
1518,0.643912,0.585103,Bellevue_Bellevue_NE8th
1519,0.609639,0.531426,Bellevue_Bellevue_NE8th
1520,0.594089,0.460515,Bellevue_Bellevue_NE8th
1521,0.613334,0.488079,Bellevue_Bellevue_NE8th
1522,0.607479,0.525622,Bellevue_Bellevue_NE8th
1523,0.600257,0.552184,Bellevue_Bellevue_NE8th
1524,0.596008,0.532183,Bellevue_Bellevue_NE8th
1525,0.606161,0.570112,Bellevue_Bellevue_NE8th
1526,0.624835,0.642811,Bellevue_Bellevue_NE8th
1527,0.655397,0.686794,Bellevue_Bellevue_NE8th
1528,0.637825,0.719188,Bellevue_Bellevue_NE8th
1529,0.594751,0.584907,Bellevue_Bellevue_NE8th
1530,0.627251,0.675618,Bellevue_Bellevue_NE8th
1531,0.619044,0.797274,Bellevue_Bellevue_NE8th
1532,0.599587,0.721617,Bellevue_Bellevue_NE8th
1533,0.596222,0.623805,Bellevue_Bellevue_NE8th
1534,0.610223,0.656645,Bellevue_Bellevue_NE8th
1535,0.628782,0.733374,Bellevue_Bellevue_NE8th
1536,0.613014,0.59879,Bellevue_Bellevue_NE8th
1537,0.662549,0.684767,Bellevue_Bellevue_NE8th
1538,0.672045,0.554968,Bellevue_Bellevue_NE8th
1539,0.623655,0.599264,Bellevue_Bellevue_NE8th
1540,0.624984,0.593485,Bellevue_Bellevue_NE8th
1541,0.620608,0.527254,Bellevue_Bellevue_NE8th
1542,0.600422,0.50472,Bellevue_Bellevue_NE8th
1543,0.600476,0.601525,Bellevue_Bellevue_NE8th
1544,0.604484,0.729745,Bellevue_Bellevue_NE8th
1545,0.615214,0.715996,Bellevue_Bellevue_NE8th
1546,0.662466,0.747107,Bellevue_Bellevue_NE8th
1547,0.62751,0.681914,Bellevue_Bellevue_NE8th
1548,0.608563,0.595542,Bellevue_Bellevue_NE8th
1549,0.619122,0.563717,Bellevue_Bellevue_NE8th
1550,0.631953,0.638243,Bellevue_Bellevue_NE8th
1551,0.578275,0.552691,Bellevue_Bellevue_NE8th
1552,0.593515,0.659993,Bellevue_Bellevue_NE8th
1553,0.599154,0.518632,Bellevue_Bellevue_NE8th
1554,0.630908,0.65305,Bellevue_Bellevue_NE8th
1555,0.611051,0.678135,Bellevue_Bellevue_NE8th
1556,0.638388,0.715358,Bellevue_Bellevue_NE8th
1557,0.647577,0.649717,Bellevue_Bellevue_NE8th
1558,0.613976,0.730187,Bellevue_Bellevue_NE8th
1559,0.591269,0.712715,Bellevue_Bellevue_NE8th
1560,0.610828,0.672793,Bellevue_Bellevue_NE8th
1561,0.600916,0.617461,Bellevue_Bellevue_NE8th
1562,0.619074,0.66327,Bellevue_Bellevue_NE8th
1563,0.616871,0.782745,Bellevue_Bellevue_NE8th
1564,0.622507,0.818006,Bellevue_Bellevue_NE8th
1565,0.626504,0.637563,Bellevue_Bellevue_NE8th
1566,0.623243,0.603916,Bellevue_Bellevue_NE8th
1567,0.598844,0.606783,Bellevue_Bellevue_NE8th
1568,0.617883,0.531722,Bellevue_Bellevue_NE8th
1569,0.620147,0.575033,Bellevue_Bellevue_NE8th
1570,0.643257,0.498148,Bellevue_Bellevue_NE8th
1571,0.644544,0.566911,Bellevue_Bellevue_NE8th
1572,0.642173,0.676549,Bellevue_Bellevue_NE8th
1573,0.613676,0.723995,Bellevue_Bellevue_NE8th
1574,0.598117,0.720871,Bellevue_Bellevue_NE8th
1575,0.599227,0.730811,Bellevue_Bellevue_NE8th
1576,0.601685,0.724901,Bellevue_Bellevue_NE8th
1577,0.600495,0.746182,Bellevue_Bellevue_NE8th
1578,0.60071,0.587019,Bellevue_Bellevue_NE8th
1579,0.616224,0.583195,Bellevue_Bellevue_NE8th
1580,0.611194,0.541503,Bellevue_Bellevue_NE8th
1581,0.623229,0.549522,Bellevue_Bellevue_NE8th
1582,0.662122,0.593076,Bellevue_Bellevue_NE8th
1583,0.690616,0.57147,Bellevue_Bellevue_NE8th
1584,0.645303,0.536599,Bellevue_Bellevue_NE8th
1585,0.653296,0.601775,Bellevue_Bellevue_NE8th
1586,0.614519,0.682393,Bellevue_Bellevue_NE8th
1587,0.604473,0.682736,Bellevue_Bellevue_NE8th
1588,0.602679,0.648417,Bellevue_Bellevue_NE8th
1589,0.613299,0.588075,Bellevue_Bellevue_NE8th
1590,0.631214,0.593473,Bellevue_Bellevue_NE8th
1591,0.617828,0.543201,Bellevue_Bellevue_NE8th
1592,0.631427,0.581741,Bellevue_Bellevue_NE8th
1593,0.650848,0.517878,Bellevue_Bellevue_NE8th
1594,0.666383,0.53188,Bellevue_Bellevue_NE8th
1595,0.631677,0.579958,Bellevue_Bellevue_NE8th
1596,0.647038,0.659529,Bellevue_Bellevue_NE8th
1597,0.635161,0.690349,Bellevue_Bellevue_NE8th
1598,0.610364,0.68037,Bellevue_Bellevue_NE8th
1599,0.613051,0.672211,Bellevue_Bellevue_NE8th
1600,0.618499,0.700754,Bellevue_Bellevue_NE8th
1601,0.621669,0.663526,Bellevue_Bellevue_NE8th
1602,0.623554,0.632285,Bellevue_Bellevue_NE8th
1603,0.604824,0.564361,Bellevue_Bellevue_NE8th
1604,0.612944,0.634946,Bellevue_Bellevue_NE8th
1605,0.623446,0.652444,Bellevue_Bellevue_NE8th
1606,0.616397,0.565654,Bellevue_Bellevue_NE8th
1607,0.623419,0.505235,Bellevue_Bellevue_NE8th
1608,0.623755,0.598908,Bellevue_Bellevue_NE8th
1609,0.622527,0.573668,Bellevue_Bellevue_NE8th
1610,0.628576,0.625593,Bellevue_Bellevue_NE8th
1611,0.636588,0.736805,Bellevue_Bellevue_NE8th
1612,0.600414,0.593294,Bellevue_Bellevue_NE8th
1613,0.653332,0.717903,Bellevue_Bellevue_NE8th
1614,0.642519,0.743038,Bellevue_Bellevue_NE8th
1615,0.600232,0.642404,Bellevue_Bellevue_NE8th
1616,0.595063,0.646464,Bellevue_Bellevue_NE8th
1617,0.612832,0.704334,Bellevue_Bellevue_NE8th
1618,0.607596,0.624012,Bellevue_Bellevue_NE8th
1619,0.615286,0.5392,Bellevue_Bellevue_NE8th
1620,0.633073,0.587835,Bellevue_Bellevue_NE8th
1621,0.636393,0.641216,Bellevue_Bellevue_NE8th
1622,0.626222,0.609483,Bellevue_Bellevue_NE8th
1623,0.625027,0.509986,Bellevue_Bellevue_NE8th
1624,0.628255,0.515958,Bellevue_Bellevue_NE8th
1625,0.624088,0.706032,Bellevue_Bellevue_NE8th
1626,0.645399,0.674834,Bellevue_Bellevue_NE8th
1627,0.634707,0.743209,Bellevue_Bellevue_NE8th
1628,0.598292,0.67971,Bellevue_Bellevue_NE8th
1629,0.620043,0.636549,Bellevue_Bellevue_NE8th
1630,0.621285,0.600863,Bellevue_Bellevue_NE8th
1631,0.620835,0.614701,Bellevue_Bellevue_NE8th
1632,0.59438,0.576733,Bellevue_Bellevue_NE8th
1633,0.611174,0.673086,Bellevue_Bellevue_NE8th
1634,0.616148,0.737369,Bellevue_Bellevue_NE8th
1635,0.623256,0.668581,Bellevue_Bellevue_NE8th
1636,0.694722,0.816558,Bellevue_Bellevue_NE8th
1637,0.600943,0.674276,Bellevue_Bellevue_NE8th
1638,0.615899,0.672877,Bellevue_Bellevue_NE8th
1639,0.616586,0.611917,Bellevue_Bellevue_NE8th
1640,0.609353,0.526052,Bellevue_Bellevue_NE8th
1641,0.614627,0.483948,Bellevue_Bellevue_NE8th
1642,0.608253,0.669748,Bellevue_Bellevue_NE8th
1643,0.618669,0.71598,Bellevue_Bellevue_NE8th
1644,0.618063,0.709555,Bellevue_Bellevue_NE8th
1645,0.608683,0.807934,Bellevue_Bellevue_NE8th
1646,0.604129,0.693292,Bellevue_Bellevue_NE8th
1647,0.621159,0.706264,Bellevue_Bellevue_NE8th
1648,0.636814,0.692924,Bellevue_Bellevue_NE8th
1649,0.603214,0.684423,Bellevue_Bellevue_NE8th
1650,0.591615,0.55806,Bellevue_Bellevue_NE8th
1651,0.616627,0.597061,Bellevue_Bellevue_NE8th
1652,0.616092,0.656093,Bellevue_Bellevue_NE8th
1653,0.626202,0.695117,Bellevue_Bellevue_NE8th
1654,0.632795,0.770165,Bellevue_Bellevue_NE8th
1655,0.590506,0.713505,Bellevue_Bellevue_NE8th
1656,0.606519,0.737577,Bellevue_Bellevue_NE8th
1657,0.610126,0.837568,Bellevue_Bellevue_NE8th
1658,0.581567,0.772962,Bellevue_Bellevue_NE8th
1659,0.580824,0.638417,Bellevue_Bellevue_NE8th
1660,0.599635,0.758541,Bellevue_Bellevue_NE8th
1661,0.591104,0.639229,Bellevue_Bellevue_NE8th
1662,0.619203,0.520433,Bellevue_Bellevue_NE8th
1663,0.657489,0.746564,Bellevue_Bellevue_NE8th
1664,0.628176,0.602211,Bellevue_Bellevue_NE8th
1665,0.62311,0.532163,Bellevue_Bellevue_NE8th
1666,0.627858,0.607527,Bellevue_Bellevue_NE8th
1667,0.598137,0.566639,Bellevue_Bellevue_NE8th
1668,0.607945,0.627694,Bellevue_Bellevue_NE8th
1669,0.601598,0.629669,Bellevue_Bellevue_NE8th
1670,0.585719,0.590805,Bellevue_Bellevue_NE8th
1671,0.630899,0.694018,Bellevue_Bellevue_NE8th
1672,0.597123,0.636803,Bellevue_Bellevue_NE8th
1673,0.608259,0.679016,Bellevue_Bellevue_NE8th
1674,0.612407,0.697438,Bellevue_Bellevue_NE8th
1675,0.605349,0.689277,Bellevue_Bellevue_NE8th
1676,0.600198,0.638617,Bellevue_Bellevue_NE8th
1677,0.586466,0.639419,Bellevue_Bellevue_NE8th
1678,0.617261,0.628454,Bellevue_Bellevue_NE8th
1679,0.614907,0.688339,Bellevue_Bellevue_NE8th
1680,0.648651,0.561572,Bellevue_Bellevue_NE8th
1681,0.651239,0.569429,Bellevue_Bellevue_NE8th
1682,0.666223,0.635401,Bellevue_Bellevue_NE8th
1683,0.632654,0.612661,Bellevue_Bellevue_NE8th
1684,0.62684,0.601187,Bellevue_Bellevue_NE8th
1685,0.701192,0.529648,Bellevue_Bellevue_NE8th
1686,0.614786,0.59071,Bellevue_Bellevue_NE8th
1687,0.62344,0.640065,Bellevue_Bellevue_NE8th
1688,0.619808,0.522032,Bellevue_Bellevue_NE8th
1689,0.627188,0.526991,Bellevue_Bellevue_NE8th
1690,0.708583,0.58715,Bellevue_Bellevue_NE8th
1691,0.592543,0.631663,Bellevue_Bellevue_NE8th
1692,0.62847,0.628061,Bellevue_Bellevue_NE8th
1693,0.627105,0.616503,Bellevue_Bellevue_NE8th
1694,0.594621,0.670174,Bellevue_Bellevue_NE8th
1695,0.614762,0.726873,Bellevue_Bellevue_NE8th
1696,0.61862,0.712096,Bellevue_Bellevue_NE8th
1697,0.619676,0.691087,Bellevue_Bellevue_NE8th
1698,0.61479,0.742739,Bellevue_Bellevue_NE8th
1699,0.605652,0.676911,Bellevue_Bellevue_NE8th
1700,0.615008,0.680562,Bellevue_Bellevue_NE8th
1701,0.633586,0.762085,Bellevue_Bellevue_NE8th
1702,0.656362,0.794828,Bellevue_Bellevue_NE8th
1703,0.612666,0.662948,Bellevue_Bellevue_NE8th
1704,0.606659,0.741364,Bellevue_Bellevue_NE8th
1705,0.615877,0.807874,Bellevue_Bellevue_NE8th
1706,0.616581,0.689383,Bellevue_Bellevue_NE8th
1707,0.644348,0.725348,Bellevue_Bellevue_NE8th
1708,0.638012,0.717763,Bellevue_Bellevue_NE8th
1709,0.614943,0.675259,Bellevue_Bellevue_NE8th
1710,0.632247,0.702593,Bellevue_Bellevue_NE8th
1711,0.635084,0.669263,Bellevue_Bellevue_NE8th
1712,0.610635,0.630142,Bellevue_Bellevue_NE8th
1713,0.608555,0.566776,Bellevue_Bellevue_NE8th
1714,0.620746,0.645923,Bellevue_Bellevue_NE8th
1715,0.618348,0.718077,Bellevue_Bellevue_NE8th
1716,0.63744,0.629949,Bellevue_Bellevue_NE8th
1717,0.657245,0.67528,Bellevue_Bellevue_NE8th
1718,0.628578,0.681746,Bellevue_Bellevue_NE8th
1719,0.643507,0.641258,Bellevue_Bellevue_NE8th
1720,0.63822,0.695672,Bellevue_Bellevue_NE8th
1721,0.60143,0.636692,Bellevue_Bellevue_NE8th
1722,0.605672,0.621552,Bellevue_Bellevue_NE8th
1723,0.611108,0.700279,Bellevue_Bellevue_NE8th
1724,0.612628,0.593534,Bellevue_Bellevue_NE8th
1725,0.648198,0.586437,Bellevue_Bellevue_NE8th
1726,0.664783,0.683014,Bellevue_Bellevue_NE8th
1727,0.626534,0.695975,Bellevue_Bellevue_NE8th
1728,0.631129,0.727347,Bellevue_Bellevue_NE8th
1729,0.614563,0.731747,Bellevue_Bellevue_NE8th
1730,0.636477,0.759878,Bellevue_Bellevue_NE8th
1731,0.612707,0.736597,Bellevue_Bellevue_NE8th
1732,0.608514,0.708236,Bellevue_Bellevue_NE8th
1733,0.621725,0.563321,Bellevue_Bellevue_NE8th
1734,0.640442,0.578846,Bellevue_Bellevue_NE8th
1735,0.620286,0.577868,Bellevue_Bellevue_NE8th
1736,0.616115,0.493873,Bellevue_Bellevue_NE8th
1737,0.623579,0.614188,Bellevue_Bellevue_NE8th
1738,0.643151,0.630411,Bellevue_Bellevue_NE8th
1739,0.598389,0.690205,Bellevue_Bellevue_NE8th
1740,0.617775,0.73658,Bellevue_Bellevue_NE8th
1741,0.613245,0.6822,Bellevue_Bellevue_NE8th
1742,0.64362,0.653767,Bellevue_Bellevue_NE8th
1743,0.622681,0.711894,Bellevue_Bellevue_NE8th
1744,0.608236,0.640991,Bellevue_Bellevue_NE8th
1745,0.650671,0.706741,Bellevue_Bellevue_NE8th
1746,0.647308,0.684151,Bellevue_Bellevue_NE8th
1747,0.601291,0.651259,Bellevue_Bellevue_NE8th
1748,0.585176,0.666909,Bellevue_Bellevue_NE8th
1749,0.611392,0.674307,Bellevue_Bellevue_NE8th
1750,0.607414,0.615205,Bellevue_Bellevue_NE8th
1751,0.61825,0.468524,Bellevue_Bellevue_NE8th
1752,0.630794,0.446601,Bellevue_Bellevue_NE8th
1753,0.669485,0.447673,Bellevue_Bellevue_NE8th
1754,0.623603,0.568671,Bellevue_Bellevue_NE8th
1755,0.631161,0.668905,Bellevue_Bellevue_NE8th
1756,0.632201,0.714934,Bellevue_Bellevue_NE8th
1757,0.599535,0.697953,Bellevue_Bellevue_NE8th
1758,0.628835,0.714529,Bellevue_Bellevue_NE8th
1759,0.615715,0.742647,Bellevue_Bellevue_NE8th
1760,0.613439,0.676763,Bellevue_Bellevue_NE8th
1761,0.659873,0.682555,Bellevue_Bellevue_NE8th
1762,0.667208,0.751751,Bellevue_Bellevue_NE8th
1763,0.614924,0.636175,Bellevue_Bellevue_NE8th
1764,0.658381,0.592884,Bellevue_Bellevue_NE8th
1765,0.644402,0.600471,Bellevue_Bellevue_NE8th
1766,0.678124,0.58165,Bellevue_Bellevue_NE8th
1767,0.625431,0.680116,Bellevue_Bellevue_NE8th
1768,0.618401,0.807895,Bellevue_Bellevue_NE8th
1769,0.624752,0.597107,Bellevue_Bellevue_NE8th
1770,0.66852,0.562688,Bellevue_Bellevue_NE8th
1771,0.661967,0.5757,Bellevue_Bellevue_NE8th
1772,0.631196,0.50142,Bellevue_Bellevue_NE8th
1773,0.613077,0.495164,Bellevue_Bellevue_NE8th
1774,0.65251,0.537544,Bellevue_Bellevue_NE8th
1775,0.582999,0.506636,Bellevue_Bellevue_NE8th
1776,0.606328,0.575168,Bellevue_Bellevue_NE8th
1777,0.606085,0.684975,Bellevue_Bellevue_NE8th
1778,0.638814,0.667987,Bellevue_Bellevue_NE8th
1779,0.666879,0.624278,Bellevue_Bellevue_NE8th
1780,0.687711,0.654685,Bellevue_Bellevue_NE8th
1781,0.619697,0.658675,Bellevue_Bellevue_NE8th
1782,0.62655,0.60121,Bellevue_Bellevue_NE8th
1783,0.649983,0.672708,Bellevue_Bellevue_NE8th
1784,0.604628,0.556987,Bellevue_Bellevue_NE8th
1785,0.604545,0.557608,Bellevue_Bellevue_NE8th
1786,0.617463,0.618163,Bellevue_Bellevue_NE8th
1787,0.625922,0.619251,Bellevue_Bellevue_NE8th
1788,0.674214,0.584908,Bellevue_Bellevue_NE8th
1789,0.680028,0.524285,Bellevue_Bellevue_NE8th
1790,0.615277,0.564175,Bellevue_Bellevue_NE8th
1791,0.614536,0.569646,Bellevue_Bellevue_NE8th
1792,0.63759,0.609742,Bellevue_Bellevue_NE8th
1793,0.612888,0.625763,Bellevue_Bellevue_NE8th
1794,0.607818,0.712789,Bellevue_Bellevue_NE8th
1795,0.622115,0.652026,Bellevue_Bellevue_NE8th
1796,0.629852,0.654827,Bellevue_Bellevue_NE8th
1797,0.640393,0.671272,Bellevue_Bellevue_NE8th
1798,0.676075,0.721375,Bellevue_Bellevue_NE8th
1799,0.609213,0.652065,Bellevue_Bellevue_NE8th
1800,0.632074,0.642353,Bellevue_Bellevue_NE8th
1801,0.633142,0.680726,Bellevue_Bellevue_NE8th
1802,0.651468,0.649849,Bellevue_Bellevue_NE8th
1803,0.611189,0.723967,Bellevue_Bellevue_NE8th
1804,0.609089,0.748169,Bellevue_Bellevue_NE8th
1805,0.615948,0.703249,Bellevue_Bellevue_NE8th
1806,0.653726,0.597523,Bellevue_Bellevue_NE8th
1807,0.673539,0.5947,Bellevue_Bellevue_NE8th
1808,0.625171,0.551316,Bellevue_Bellevue_NE8th
1809,0.649592,0.671722,Bellevue_Bellevue_NE8th
1810,0.627175,0.689413,Bellevue_Bellevue_NE8th
1811,0.600786,0.640085,Bellevue_Bellevue_NE8th
1812,0.601526,0.580789,Bellevue_Bellevue_NE8th
1813,0.618954,0.655948,Bellevue_Bellevue_NE8th
1814,0.627323,0.730859,Bellevue_Bellevue_NE8th
1815,0.641091,0.603343,Bellevue_Bellevue_NE8th
1816,0.668077,0.674252,Bellevue_Bellevue_NE8th
1817,0.667963,0.623729,Bellevue_Bellevue_NE8th
1818,0.643375,0.57843,Bellevue_Bellevue_NE8th
1819,0.633084,0.618307,Bellevue_Bellevue_NE8th
1820,0.604001,0.653559,Bellevue_Bellevue_NE8th
1821,0.581215,0.61432,Bellevue_Bellevue_NE8th
1822,0.599812,0.54857,Bellevue_Bellevue_NE8th
1823,0.617528,0.590691,Bellevue_Bellevue_NE8th
1824,0.649007,0.719461,Bellevue_Bellevue_NE8th
1825,0.656913,0.744984,Bellevue_Bellevue_NE8th
1826,0.614676,0.642687,Bellevue_Bellevue_NE8th
1827,0.640605,0.673259,Bellevue_Bellevue_NE8th
1828,0.606271,0.630688,Bellevue_Bellevue_NE8th
1829,0.590534,0.554793,Bellevue_Bellevue_NE8th
1830,0.599514,0.664937,Bellevue_Bellevue_NE8th
1831,0.626841,0.695377,Bellevue_Bellevue_NE8th
1832,0.633997,0.619192,Bellevue_Bellevue_NE8th
1833,0.684564,0.710294,Bellevue_Bellevue_NE8th
1834,0.636047,0.616112,Bellevue_Bellevue_NE8th
1835,0.625206,0.593016,Bellevue_Bellevue_NE8th
1836,0.650292,0.642446,Bellevue_Bellevue_NE8th
1837,0.631761,0.619216,Bellevue_Bellevue_NE8th
1838,0.597421,0.541852,Bellevue_Bellevue_NE8th
1839,0.603869,0.606972,Bellevue_Bellevue_NE8th
1840,0.616731,0.621834,Bellevue_Bellevue_NE8th
1841,0.635068,0.680776,Bellevue_Bellevue_NE8th
1842,0.639739,0.759986,Bellevue_Bellevue_NE8th
1843,0.611288,0.680087,Bellevue_Bellevue_NE8th
1844,0.622405,0.734932,Bellevue_Bellevue_NE8th
1845,0.635475,0.732741,Bellevue_Bellevue_NE8th
1846,0.619289,0.622282,Bellevue_Bellevue_NE8th
1847,0.60767,0.622579,Bellevue_Bellevue_NE8th
1848,0.65953,0.87907,Bellevue_Bellevue_NE8th
1849,0.632331,0.871044,Bellevue_Bellevue_NE8th
1850,0.614377,0.666991,Bellevue_Bellevue_NE8th
1851,0.641276,0.758833,Bellevue_Bellevue_NE8th
1852,0.63453,0.804551,Bellevue_Bellevue_NE8th
1853,0.618133,0.82879,Bellevue_Bellevue_NE8th
1854,0.615649,0.836182,Bellevue_Bellevue_NE8th
1855,0.615193,0.823466,Bellevue_Bellevue_NE8th
1856,0.631002,0.689816,Bellevue_Bellevue_NE8th
1857,0.658106,0.745607,Bellevue_Bellevue_NE8th
1858,0.636131,0.720275,Bellevue_Bellevue_NE8th
1859,0.628161,0.596435,Bellevue_Bellevue_NE8th
1860,0.611708,0.612575,Bellevue_Bellevue_NE8th
1861,0.641443,0.487278,Bellevue_Bellevue_NE8th
1862,0.62087,0.587917,Bellevue_Bellevue_NE8th
1863,0.610295,0.601048,Bellevue_Bellevue_NE8th
1864,0.643225,0.643162,Bellevue_Bellevue_NE8th
1865,0.642255,0.60653,Bellevue_Bellevue_NE8th
1866,0.683471,0.757833,Bellevue_Bellevue_NE8th
1867,0.627549,0.70744,Bellevue_Bellevue_NE8th
1868,0.634561,0.649913,Bellevue_Bellevue_NE8th
1869,0.640102,0.689554,Bellevue_Bellevue_NE8th
1870,0.611103,0.645991,Bellevue_Bellevue_NE8th
1871,0.599114,0.640566,Bellevue_Bellevue_NE8th
1872,0.60083,0.566676,Bellevue_Bellevue_NE8th
1873,0.621826,0.610208,Bellevue_Bellevue_NE8th
1874,0.611461,0.692207,Bellevue_Bellevue_NE8th
1875,0.618751,0.53318,Bellevue_Bellevue_NE8th
1876,0.655462,0.574994,Bellevue_Bellevue_NE8th
1877,0.657937,0.598075,Bellevue_Bellevue_NE8th
1878,0.631946,0.579193,Bellevue_Bellevue_NE8th
1879,0.624769,0.588306,Bellevue_Bellevue_NE8th
1880,0.640783,0.545429,Bellevue_Bellevue_NE8th
1881,0.614994,0.63115,Bellevue_Bellevue_NE8th
1882,0.591131,0.557046,Bellevue_Bellevue_NE8th
1883,0.602948,0.594688,Bellevue_Bellevue_NE8th
1884,0.612401,0.686849,Bellevue_Bellevue_NE8th
1885,0.665994,0.585332,Bellevue_Bellevue_NE8th
1886,0.674743,0.655211,Bellevue_Bellevue_NE8th
1887,0.710333,0.719022,Bellevue_Bellevue_NE8th
1888,0.626879,0.620095,Bellevue_Bellevue_NE8th
1889,0.616446,0.70449,Bellevue_Bellevue_NE8th
1890,0.637165,0.763637,Bellevue_Bellevue_NE8th
1891,0.607436,0.654919,Bellevue_Bellevue_NE8th
1892,0.605803,0.588922,Bellevue_Bellevue_NE8th
1893,0.604938,0.606101,Bellevue_Bellevue_NE8th
1894,0.614523,0.666142,Bellevue_Bellevue_NE8th
1895,0.623274,0.706363,Bellevue_Bellevue_NE8th
1896,0.63559,0.639178,Bellevue_Bellevue_NE8th
1897,0.649616,0.731995,Bellevue_Bellevue_NE8th
1898,0.631964,0.691761,Bellevue_Bellevue_NE8th
1899,0.63975,0.65193,Bellevue_Bellevue_NE8th
1900,0.644737,0.739092,Bellevue_Bellevue_NE8th
1901,0.617151,0.615333,Bellevue_Bellevue_NE8th
1902,0.599468,0.599417,Bellevue_Bellevue_NE8th
1903,0.619108,0.699403,Bellevue_Bellevue_NE8th
1904,0.615249,0.656658,Bellevue_Bellevue_NE8th
1905,0.624234,0.687516,Bellevue_Bellevue_NE8th
1906,0.662585,0.72248,Bellevue_Bellevue_NE8th
1907,0.633495,0.610218,Bellevue_Bellevue_NE8th
1908,0.635896,0.611707,Bellevue_Bellevue_NE8th
1909,0.647063,0.683494,Bellevue_Bellevue_NE8th
1910,0.624574,0.686684,Bellevue_Bellevue_NE8th
1911,0.603959,0.585686,Bellevue_Bellevue_NE8th
1912,0.597936,0.598986,Bellevue_Bellevue_NE8th
1913,0.6063,0.635041,Bellevue_Bellevue_NE8th
1914,0.611912,0.683383,Bellevue_Bellevue_NE8th
1915,0.632511,0.622383,Bellevue_Bellevue_NE8th
1916,0.660765,0.587661,Bellevue_Bellevue_NE8th
1917,0.640812,0.579827,Bellevue_Bellevue_NE8th
1918,0.633011,0.601843,Bellevue_Bellevue_NE8th
1919,0.647641,0.613723,Bellevue_Bellevue_NE8th
1920,0.653565,0.633575,Bellevue_Bellevue_NE8th
1921,0.615303,0.579986,Bellevue_Bellevue_NE8th
1922,0.605923,0.609894,Bellevue_Bellevue_NE8th
1923,0.609354,0.622043,Bellevue_Bellevue_NE8th
1924,0.619762,0.692582,Bellevue_Bellevue_NE8th
1925,0.621154,0.608642,Bellevue_Bellevue_NE8th
1926,0.65009,0.630262,Bellevue_Bellevue_NE8th
1927,0.661126,0.599983,Bellevue_Bellevue_NE8th
1928,0.624652,0.639478,Bellevue_Bellevue_NE8th
1929,0.610838,0.708814,Bellevue_Bellevue_NE8th
1930,0.598919,0.619386,Bellevue_Bellevue_NE8th
1931,0.613826,0.641198,Bellevue_Bellevue_NE8th
1932,0.615392,0.594691,Bellevue_Bellevue_NE8th
1933,0.617784,0.579042,Bellevue_Bellevue_NE8th
1934,0.606336,0.675882,Bellevue_Bellevue_NE8th
1935,0.625451,0.651849,Bellevue_Bellevue_NE8th
1936,0.642459,0.605037,Bellevue_Bellevue_NE8th
1937,0.66215,0.666567,Bellevue_Bellevue_NE8th
1938,0.640699,0.596608,Bellevue_Bellevue_NE8th
1939,0.625303,0.551828,Bellevue_Bellevue_NE8th
1940,0.625872,0.68109,Bellevue_Bellevue_NE8th
1941,0.607011,0.71581,Bellevue_Bellevue_NE8th
1942,0.589735,0.701257,Bellevue_Bellevue_NE8th
1943,0.599673,0.757731,Bellevue_Bellevue_NE8th
1944,0.611339,0.748952,Bellevue_Bellevue_NE8th
1945,0.607243,0.633612,Bellevue_Bellevue_NE8th
1946,0.649213,0.619696,Bellevue_Bellevue_NE8th
1947,0.676245,0.693454,Bellevue_Bellevue_NE8th
1948,0.655483,0.690681,Bellevue_Bellevue_NE8th
1949,0.628985,0.632199,Bellevue_Bellevue_NE8th
1950,0.633694,0.794803,Bellevue_Bellevue_NE8th
1951,0.612909,0.629959,Bellevue_Bellevue_NE8th
1952,0.599478,0.691026,Bellevue_Bellevue_NE8th
1953,0.614621,0.760651,Bellevue_Bellevue_NE8th
1954,0.631349,0.713891,Bellevue_Bellevue_NE8th
1955,0.632405,0.653879,Bellevue_Bellevue_NE8th
1956,0.65616,0.643545,Bellevue_Bellevue_NE8th
1957,0.643762,0.700213,Bellevue_Bellevue_NE8th
1958,0.622082,0.600078,Bellevue_Bellevue_NE8th
1959,0.61904,0.54509,Bellevue_Bellevue_NE8th
1960,0.632694,0.534368,Bellevue_Bellevue_NE8th
1961,0.606194,0.56415,Bellevue_Bellevue_NE8th
1962,0.597598,0.570837,Bellevue_Bellevue_NE8th
1963,0.621435,0.633557,Bellevue_Bellevue_NE8th
1964,0.603643,0.643644,Bellevue_Bellevue_NE8th
1965,0.632798,0.482541,Bellevue_Bellevue_NE8th
1966,0.651783,0.514746,Bellevue_Bellevue_NE8th
1967,0.627935,0.640971,Bellevue_Bellevue_NE8th
1968,0.61896,0.647153,Bellevue_Bellevue_NE8th
1969,0.608352,0.663655,Bellevue_Bellevue_NE8th
1970,0.618658,0.632849,Bellevue_Bellevue_NE8th
1971,0.594529,0.558711,Bellevue_Bellevue_NE8th
1972,0.606187,0.629817,Bellevue_Bellevue_NE8th
1973,0.598795,0.64416,Bellevue_Bellevue_NE8th
1974,0.611014,0.615038,Bellevue_Bellevue_NE8th
1975,0.620217,0.660588,Bellevue_Bellevue_NE8th
1976,0.650517,0.641814,Bellevue_Bellevue_NE8th
1977,0.666679,0.533543,Bellevue_Bellevue_NE8th
1978,0.608604,0.479578,Bellevue_Bellevue_NE8th
1979,0.638903,0.427648,Bellevue_Bellevue_NE8th
1980,0.613542,0.546102,Bellevue_Bellevue_NE8th
1981,0.609519,0.641875,Bellevue_Bellevue_NE8th
1982,0.608686,0.600173,Bellevue_Bellevue_NE8th
1983,0.623984,0.679369,Bellevue_Bellevue_NE8th
1984,0.621283,0.703236,Bellevue_Bellevue_NE8th
1985,0.651283,0.597259,Bellevue_Bellevue_NE8th
1986,0.681521,0.568448,Bellevue_Bellevue_NE8th
1987,0.638503,0.720526,Bellevue_Bellevue_NE8th
1988,0.635081,0.7291,Bellevue_Bellevue_NE8th
1989,0.635054,0.767549,Bellevue_Bellevue_NE8th
1990,0.651227,0.832191,Bellevue_Bellevue_NE8th
1991,0.590162,0.734071,Bellevue_Bellevue_NE8th
1992,0.610359,0.848033,Bellevue_Bellevue_NE8th
1993,0.606262,0.76562,Bellevue_Bellevue_NE8th
1994,0.627756,0.672207,Bellevue_Bellevue_NE8th
1995,0.684792,0.56582,Bellevue_Bellevue_NE8th
1996,0.685393,0.687147,Bellevue_Bellevue_NE8th
1997,0.640037,0.735524,Bellevue_Bellevue_NE8th
1998,0.625062,0.568298,Bellevue_Bellevue_NE8th
1999,0.638544,0.515534,Bellevue_Bellevue_NE8th
2000,0.635539,0.504275,Bellevue_Bellevue_NE8th
2001,0.626361,0.808837,Bellevue_Bellevue_NE8th
2002,0.597866,0.868481,Bellevue_Bellevue_NE8th
2003,0.608071,0.746785,Bellevue_Bellevue_NE8th
2004,0.62078,0.609868,Bellevue_Bellevue_NE8th
2005,0.662753,0.667172,Bellevue_Bellevue_NE8th
2006,0.641916,0.627624,Bellevue_Bellevue_NE8th
2007,0.586714,0.656749,Bellevue_Bellevue_NE8th
2008,0.627741,0.607701,Bellevue_Bellevue_NE8th
2009,0.625693,0.605733,Bellevue_Bellevue_NE8th
2010,0.589201,0.622806,Bellevue_Bellevue_NE8th
2011,0.580541,0.631623,Bellevue_Bellevue_NE8th
2012,0.619911,0.619143,Bellevue_Bellevue_NE8th
2013,0.599242,0.741522,Bellevue_Bellevue_NE8th
2014,0.6009,0.663997,Bellevue_Bellevue_NE8th
2015,0.634264,0.522665,Bellevue_Bellevue_NE8th
2016,0.666201,0.591864,Bellevue_Bellevue_NE8th
2017,0.635898,0.513995,Bellevue_Bellevue_NE8th
2018,0.624866,0.485724,Bellevue_Bellevue_NE8th
2019,0.604795,0.42163,Bellevue_Bellevue_NE8th
2020,0.580509,0.54118,Bellevue_Bellevue_NE8th
2021,0.573015,0.563316,Bellevue_Bellevue_NE8th
2022,0.597766,0.603715,Bellevue_Bellevue_NE8th
2023,0.581512,0.587497,Bellevue_Bellevue_NE8th
2024,0.604344,0.632734,Bellevue_Bellevue_NE8th
2025,0.637263,0.69,Bellevue_Bellevue_NE8th
2026,0.664702,0.64443,Bellevue_Bellevue_NE8th
2027,0.725949,0.735002,Bellevue_Bellevue_NE8th
2028,0.622779,0.575581,Bellevue_Bellevue_NE8th
2029,0.654951,0.609408,Bellevue_Bellevue_NE8th
2030,0.631876,0.654106,Bellevue_Bellevue_NE8th
2031,0.608017,0.581369,Bellevue_Bellevue_NE8th
2032,0.613938,0.691259,Bellevue_Bellevue_NE8th
2033,0.612318,0.661843,Bellevue_Bellevue_NE8th
2034,0.628267,0.628532,Bellevue_Bellevue_NE8th
2035,0.633465,0.639191,Bellevue_Bellevue_NE8th
2036,0.651957,0.602986,Bellevue_Bellevue_NE8th
2037,0.606543,0.629442,Bellevue_Bellevue_NE8th
2038,0.606163,0.478738,Bellevue_Bellevue_NE8th
2039,0.621667,0.384904,Bellevue_Bellevue_NE8th
2040,0.628531,0.597137,Bellevue_Bellevue_NE8th
2041,0.597461,0.62979,Bellevue_Bellevue_NE8th
2042,0.612311,0.708296,Bellevue_Bellevue_NE8th
2043,0.613758,0.708162,Bellevue_Bellevue_NE8th
2044,0.633012,0.683208,Bellevue_Bellevue_NE8th
2045,0.627595,0.69216,Bellevue_Bellevue_NE8th
2046,0.647839,0.736168,Bellevue_Bellevue_NE8th
2047,0.64407,0.657969,Bellevue_Bellevue_NE8th
2048,0.62579,0.676757,Bellevue_Bellevue_NE8th
2049,0.616301,0.721393,Bellevue_Bellevue_NE8th
2050,0.621377,0.781787,Bellevue_Bellevue_NE8th
2051,0.608031,0.714389,Bellevue_Bellevue_NE8th
2052,0.606589,0.752708,Bellevue_Bellevue_NE8th
2053,0.607975,0.758169,Bellevue_Bellevue_NE8th
2054,0.630666,0.603965,Bellevue_Bellevue_NE8th
2055,0.662731,0.454275,Bellevue_Bellevue_NE8th
2056,0.703644,0.555503,Bellevue_Bellevue_NE8th
2057,0.64087,0.600501,Bellevue_Bellevue_NE8th
2058,0.620865,0.594409,Bellevue_Bellevue_NE8th
2059,0.60761,0.664551,Bellevue_Bellevue_NE8th
2060,0.589354,0.615014,Bellevue_Bellevue_NE8th
2061,0.589714,0.665374,Bellevue_Bellevue_NE8th
2062,0.613415,0.713102,Bellevue_Bellevue_NE8th
2063,0.601472,0.718286,Bellevue_Bellevue_NE8th
2064,0.622676,0.758727,Bellevue_Bellevue_NE8th
2065,0.639758,0.572794,Bellevue_Bellevue_NE8th
2066,0.671183,0.598387,Bellevue_Bellevue_NE8th
2067,0.673307,0.636332,Bellevue_Bellevue_NE8th
2068,0.62323,0.693863,Bellevue_Bellevue_NE8th
2069,0.60786,0.714208,Bellevue_Bellevue_NE8th
2070,0.629637,0.608109,Bellevue_Bellevue_NE8th
2071,0.591824,0.83293,Bellevue_Bellevue_NE8th
2072,0.584351,0.712925,Bellevue_Bellevue_NE8th
2073,0.617193,0.785665,Bellevue_Bellevue_NE8th
2074,0.630536,0.747127,Bellevue_Bellevue_NE8th
2075,0.644685,0.573389,Bellevue_Bellevue_NE8th
2076,0.671551,0.549147,Bellevue_Bellevue_NE8th
